-- MySQL dump 10.13  Distrib 8.0.27, for macos11 (arm64)
--
-- Host: 127.0.0.1    Database: fridays_order_pad
-- ------------------------------------------------------
-- Server version	8.0.27

/*!40101 SET @OLD_CHARACTER_SET_CLIENT=@@CHARACTER_SET_CLIENT */;
/*!40101 SET @OLD_CHARACTER_SET_RESULTS=@@CHARACTER_SET_RESULTS */;
/*!40101 SET @OLD_COLLATION_CONNECTION=@@COLLATION_CONNECTION */;
/*!50503 SET NAMES utf8mb4 */;
/*!40103 SET @OLD_TIME_ZONE=@@TIME_ZONE */;
/*!40103 SET TIME_ZONE='+00:00' */;
/*!40014 SET @OLD_UNIQUE_CHECKS=@@UNIQUE_CHECKS, UNIQUE_CHECKS=0 */;
/*!40014 SET @OLD_FOREIGN_KEY_CHECKS=@@FOREIGN_KEY_CHECKS, FOREIGN_KEY_CHECKS=0 */;
/*!40101 SET @OLD_SQL_MODE=@@SQL_MODE, SQL_MODE='NO_AUTO_VALUE_ON_ZERO' */;
/*!40111 SET @OLD_SQL_NOTES=@@SQL_NOTES, SQL_NOTES=0 */;

--
-- Table structure for table `categories`
--

DROP TABLE IF EXISTS `categories`;
/*!40101 SET @saved_cs_client     = @@character_set_client */;
/*!50503 SET character_set_client = utf8mb4 */;
CREATE TABLE `categories` (
  `category` varchar(32) NOT NULL,
  `sort_order` int NOT NULL DEFAULT '0',
  `hidden` tinyint(1) NOT NULL DEFAULT '0',
  PRIMARY KEY (`category`)
) ENGINE=InnoDB DEFAULT CHARSET=utf8mb4 COLLATE=utf8mb4_unicode_520_ci;
/*!40101 SET character_set_client = @saved_cs_client */;

--
-- Dumping data for table `categories`
--

LOCK TABLES `categories` WRITE;
/*!40000 ALTER TABLE `categories` DISABLE KEYS */;
INSERT INTO `categories` (`category`, `sort_order`, `hidden`) VALUES ('Apps',2,0),('Desserts',5,0),('Drinks',1,0),('Mains',3,0),('Prep',6,1),('Sides',4,0);
/*!40000 ALTER TABLE `categories` ENABLE KEYS */;
UNLOCK TABLES;

--
-- Table structure for table `ingredients`
--

DROP TABLE IF EXISTS `ingredients`;
/*!40101 SET @saved_cs_client     = @@character_set_client */;
/*!50503 SET character_set_client = utf8mb4 */;
CREATE TABLE `ingredients` (
  `ingredient` varchar(64) NOT NULL,
  `unit_quantity_in_g` decimal(10,5) NOT NULL,
  `count` decimal(7,2) DEFAULT NULL,
  `ordered_below_availability` decimal(7,2) NOT NULL DEFAULT '0.00',
  `time_updated` timestamp NOT NULL DEFAULT CURRENT_TIMESTAMP ON UPDATE CURRENT_TIMESTAMP,
  PRIMARY KEY (`ingredient`)
) ENGINE=InnoDB DEFAULT CHARSET=utf8mb4 COLLATE=utf8mb4_unicode_520_ci;
/*!40101 SET character_set_client = @saved_cs_client */;

--
-- Dumping data for table `ingredients`
--

LOCK TABLES `ingredients` WRITE;
/*!40000 ALTER TABLE `ingredients` DISABLE KEYS */;
INSERT INTO `ingredients` (`ingredient`, `unit_quantity_in_g`, `count`, `ordered_below_availability`, `time_updated`) VALUES ('(Ripe) Banana',184.27200,2.00,0.00,'2022-03-24 18:41:56'),('(Ripe) Seedless Apple',0.00000,NULL,0.00,'2022-03-23 23:00:28'),('100s & 1000s',0.00000,NULL,0.00,'2022-03-23 23:00:28'),('Absinthe',0.00000,NULL,0.00,'2022-03-23 23:00:28'),('Absolut Citron',0.00000,NULL,0.00,'2022-03-23 23:00:28'),('Absolut Mandarin',0.00000,NULL,0.00,'2022-03-23 23:00:28'),('Agave Syrup',0.00000,NULL,0.00,'2022-03-23 23:00:28'),('Aged Rum',0.00000,NULL,0.00,'2022-03-23 23:00:28'),('Amaretto',0.00000,NULL,0.00,'2022-03-23 23:00:28'),('Angostura Bitters',0.00000,NULL,0.00,'2022-03-23 23:00:28'),('Aperol Aperitivo',0.00000,NULL,0.00,'2022-03-23 23:00:28'),('Apple Juice',0.00000,NULL,0.00,'2022-03-23 23:00:28'),('Apple Schnapps',0.00000,NULL,0.00,'2022-03-23 23:00:28'),('Apple Slices',0.00000,NULL,0.00,'2022-03-23 23:00:28'),('Apricot Brandy',0.00000,NULL,0.00,'2022-03-23 23:00:28'),('Avocado & Lime Dressing',0.00000,NULL,0.00,'2022-03-23 23:00:28'),('Avocado Houmous Dressing',0.00000,NULL,0.00,'2022-03-23 23:00:28'),('Baileys Irish Cream',0.00000,NULL,0.00,'2022-03-23 23:00:28'),('Barbacoa Beef Brisket',0.00000,NULL,0.00,'2022-03-23 23:00:28'),('Basil Leaves',0.00000,NULL,0.00,'2022-03-23 23:00:28'),('Basil Pesto Mayo',0.00000,NULL,0.00,'2022-03-23 23:00:28'),('Battered Shrimp',0.00000,NULL,0.00,'2022-03-23 23:00:28'),('BBQ Beans',0.00000,NULL,0.00,'2022-03-23 23:00:28'),('Beefeater Blood Orange',0.00000,NULL,0.00,'2022-03-23 23:00:28'),('Beefeater Pink Strawberry',0.00000,NULL,0.00,'2022-03-23 23:00:28'),('Bitter Lemon',0.00000,NULL,0.00,'2022-03-23 23:00:28'),('Black Pepper & Celery Salt',0.00000,NULL,0.00,'2022-03-23 23:00:28'),('Black Sambuca',0.00000,NULL,0.00,'2022-03-23 23:00:28'),('Black Vodka',0.00000,NULL,0.00,'2022-03-23 23:00:28'),('Blackberries',0.00000,NULL,0.00,'2022-03-23 23:00:28'),('Blackcurrant Vodka',0.00000,NULL,0.00,'2022-03-23 23:00:28'),('Blood Orange Gin',0.00000,NULL,0.00,'2022-03-23 23:00:28'),('Blue Cheese Sauce',0.00000,NULL,0.00,'2022-03-23 23:00:28'),('Blue Curaçao',0.00000,NULL,0.00,'2022-03-23 23:00:28'),('Blueberry Juice',0.00000,NULL,0.00,'2022-03-23 23:00:28'),('Bombay Sapphire',0.00000,NULL,0.00,'2022-03-23 23:00:28'),('Bourbon Whiskey',0.00000,NULL,0.00,'2022-03-23 23:00:28'),('Brandy',0.00000,NULL,0.00,'2022-03-23 23:00:28'),('Brooklyn',0.00000,NULL,0.00,'2022-03-23 23:00:28'),('Brownie Pieces',0.00000,NULL,0.00,'2022-03-23 23:00:28'),('Bubblegum Syrup',0.00000,NULL,0.00,'2022-03-23 23:00:28'),('Buffalo Trace',0.00000,NULL,0.00,'2022-03-23 23:00:28'),('Butter',0.00000,NULL,0.00,'2022-03-23 23:00:28'),('Butterscotch Schnapps',0.00000,NULL,0.00,'2022-03-23 23:00:28'),('Cachaça',0.00000,NULL,0.00,'2022-03-23 23:00:28'),('Cajun Corn (Quartered)',0.00000,NULL,0.00,'2022-03-23 23:00:28'),('Cajun Seasoning',0.00000,NULL,0.00,'2022-03-23 23:00:28'),('Campari',0.00000,NULL,0.00,'2022-03-23 23:00:28'),('Candied Maple Bacon',0.00000,NULL,0.00,'2022-03-23 23:00:28'),('Caramel Syrup',0.00000,NULL,0.00,'2022-03-23 23:00:28'),('Caramelised Onions',0.00000,NULL,0.00,'2022-03-23 23:00:28'),('Celery',0.00000,NULL,0.00,'2022-03-23 23:00:28'),('Chambord',0.00000,NULL,0.00,'2022-03-23 23:00:28'),('Champagne',0.00000,NULL,0.00,'2022-03-23 23:00:28'),('Cheese Sauce',0.00000,NULL,0.00,'2022-03-23 23:00:28'),('Cherry Brandy',0.00000,NULL,0.00,'2022-03-23 23:00:28'),('Cherry Rum',0.00000,NULL,0.00,'2022-03-23 23:00:28'),('Cherry Syrup',0.00000,NULL,0.00,'2022-03-23 23:00:28'),('Chicken Chunks',0.00000,NULL,0.00,'2022-03-23 23:00:28'),('Chicken Strips',0.00000,NULL,0.00,'2022-03-23 23:00:28'),('Chilled Coffee',0.00000,NULL,0.00,'2022-03-23 23:00:28'),('Chocolate Bitters',0.00000,NULL,0.00,'2022-03-23 23:00:28'),('Chocolate Chips',0.00000,NULL,0.00,'2022-03-23 23:00:28'),('Chocolate Syrup',0.00000,NULL,0.00,'2022-03-23 23:00:28'),('Cinnamon',0.00000,NULL,0.00,'2022-03-23 23:00:28'),('Cinnamon Schnapps',0.00000,NULL,0.00,'2022-03-23 23:00:28'),('Citrus Vodka',0.00000,NULL,0.00,'2022-03-23 23:00:28'),('CleanCo Clean G',0.00000,NULL,0.00,'2022-03-23 23:00:28'),('CleanCo Clean R',0.00000,NULL,0.00,'2022-03-23 23:00:28'),('CleanCo Clean T',0.00000,NULL,0.00,'2022-03-23 23:00:28'),('Coconut Rum',0.00000,NULL,0.00,'2022-03-23 23:00:28'),('Coke',0.00000,NULL,0.00,'2022-03-23 23:00:28'),('Coke Zero',0.00000,NULL,0.00,'2022-03-23 23:00:28'),('Colby Cheese (Grated)',0.00000,NULL,0.00,'2022-03-23 23:00:28'),('Cold Brew Coffee Mix',0.00000,NULL,0.00,'2022-03-23 23:00:28'),('Coleslaw',0.00000,NULL,0.00,'2022-03-23 23:00:28'),('Cookie Dough Pieces',0.00000,NULL,0.00,'2022-03-23 23:00:28'),('Coriander (Chopped)',0.00000,NULL,0.00,'2022-03-23 23:00:28'),('Corn on the Cobb',0.00000,NULL,0.00,'2022-03-23 23:00:28'),('Cranberries',0.00000,NULL,0.00,'2022-03-23 23:00:28'),('Cranberry Juice',0.00000,NULL,0.00,'2022-03-23 23:00:28'),('Cranberry Juice (Sugar Free)',0.00000,NULL,0.00,'2022-03-23 23:00:28'),('Cranberry Schnapps',0.00000,NULL,0.00,'2022-03-23 23:00:28'),('Cream of Coconut',0.00000,NULL,0.00,'2022-03-23 23:00:28'),('Crème de Banane',0.00000,NULL,0.00,'2022-03-23 23:00:28'),('Crème de Cantaloupe',0.00000,NULL,0.00,'2022-03-23 23:00:28'),('Crème de Cassis',0.00000,NULL,0.00,'2022-03-23 23:00:28'),('Crème de Fraise',0.00000,NULL,0.00,'2022-03-23 23:00:28'),('Crème de Framboise',0.00000,NULL,0.00,'2022-03-23 23:00:28'),('Crème de Fruit de la Passion',0.00000,NULL,0.00,'2022-03-23 23:00:28'),('Crème de Marasquin',0.00000,NULL,0.00,'2022-03-23 23:00:28'),('Crème de Menthe',0.00000,NULL,0.00,'2022-03-23 23:00:28'),('Créme de Menthe Blanche',0.00000,NULL,0.00,'2022-03-23 23:00:28'),('Crème de Mûre',0.00000,NULL,0.00,'2022-03-23 23:00:28'),('Crème de Noyaux',0.00000,NULL,0.00,'2022-03-23 23:00:28'),('Crème de Pamplemousse Rose',0.00000,NULL,0.00,'2022-03-23 23:00:28'),('Crème de Pomme',0.00000,NULL,0.00,'2022-03-23 23:00:28'),('Crème de Violette',0.00000,NULL,0.00,'2022-03-23 23:00:28'),('Crushed Ice',0.00000,NULL,0.00,'2022-03-23 23:00:28'),('Cucumber Stick',0.00000,NULL,0.00,'2022-03-23 23:00:28'),('Cucumber Sticks',0.00000,NULL,0.00,'2022-03-23 23:00:28'),('Dark Cacao',0.00000,NULL,0.00,'2022-03-23 23:00:28'),('Dark Rum',0.00000,NULL,0.00,'2022-03-23 23:00:28'),('Death\'s Door',0.00000,NULL,0.00,'2022-03-23 23:00:28'),('Decaffeinated Coffee Sachet',0.00000,NULL,0.00,'2022-03-23 23:00:28'),('Demerara Sugar (Granulated)',0.00000,NULL,0.00,'2022-03-23 23:00:28'),('Demerara Syrup',0.00000,NULL,0.00,'2022-03-23 23:00:28'),('Diet Coke',0.00000,NULL,0.00,'2022-03-23 23:00:28'),('Double Espresso Shot',0.00000,NULL,0.00,'2022-03-23 23:00:28'),('Dry Vermouth',0.00000,NULL,0.00,'2022-03-23 23:00:28'),('Egg White Powder',0.00000,NULL,0.00,'2022-03-23 23:00:28'),('Elderflower Cordial',0.00000,NULL,0.00,'2022-03-23 23:00:28'),('Elderflower Gin',0.00000,NULL,0.00,'2022-03-23 23:00:28'),('Elote Cream',0.00000,NULL,0.00,'2022-03-23 23:00:28'),('Fentimans Connoisseurs Tonic Water',0.00000,NULL,0.00,'2022-03-23 23:00:28'),('Four Roses',0.00000,NULL,0.00,'2022-03-23 23:00:28'),('Frangelico',0.00000,NULL,0.00,'2022-03-23 23:00:28'),('Franks RedHot Sauce',0.00000,NULL,0.00,'2022-03-23 23:00:28'),('Friday\'s Foam',0.00000,NULL,0.00,'2022-03-23 23:00:28'),('Frozen Passion Fruit Pieces',0.00000,NULL,0.00,'2022-03-23 23:00:28'),('Frozen Peach Pieces',0.00000,NULL,0.00,'2022-03-23 23:00:28'),('Frozen Raspberry Pieces',0.00000,NULL,0.00,'2022-03-23 23:00:28'),('Frozen Strawberries',0.00000,NULL,0.00,'2022-03-23 23:00:28'),('Frozen Yoghurt',0.00000,NULL,0.00,'2022-03-23 23:00:28'),('Fry Seasoning',0.00000,NULL,0.00,'2022-03-23 23:00:28'),('Gin',0.00000,NULL,0.00,'2022-03-23 23:00:28'),('Ginger Ale',0.00000,NULL,0.00,'2022-03-23 23:00:28'),('Ginger Beer',0.00000,NULL,0.00,'2022-03-23 23:00:28'),('Gold Rum',0.00000,NULL,0.00,'2022-03-23 23:00:28'),('Gold Tequila',0.00000,NULL,0.00,'2022-03-23 23:00:28'),('Gomme',0.00000,NULL,0.00,'2022-03-23 23:00:28'),('Grand Marnier',0.00000,NULL,0.00,'2022-03-23 23:00:28'),('Grapefruit Juice',0.00000,NULL,0.00,'2022-03-23 23:00:28'),('Green Jalapeño Peppers (Sliced)',0.00000,NULL,0.00,'2022-03-23 23:00:28'),('Grenadine',0.00000,NULL,0.00,'2022-03-23 23:00:28'),('Grey Goose',0.00000,NULL,0.00,'2022-03-23 23:00:28'),('Guacamole',0.00000,NULL,0.00,'2022-03-23 23:00:28'),('Gyoza Chicken',0.00000,NULL,0.00,'2022-03-23 23:00:28'),('Half & Half',0.00000,NULL,0.00,'2022-03-23 23:00:28'),('Half Potato Skins',0.00000,NULL,0.00,'2022-03-23 23:00:28'),('Hendrick\'s',0.00000,NULL,0.00,'2022-03-23 23:00:28'),('Honey',0.00000,NULL,0.00,'2022-03-23 23:00:28'),('Hot Chocolate',0.00000,NULL,0.00,'2022-03-23 23:00:28'),('Hot Coffee',0.00000,NULL,0.00,'2022-03-23 23:00:28'),('Iceberg Lettuce (Shredded)',0.00000,NULL,0.00,'2022-03-23 23:00:28'),('Irish Whiskey',0.00000,NULL,0.00,'2022-03-23 23:00:28'),('Jack Daniels',0.00000,NULL,0.00,'2022-03-23 23:00:28'),('Jack Daniels Glaze',0.00000,NULL,0.00,'2022-03-23 23:00:28'),('Jack Daniels Honey',0.00000,NULL,0.00,'2022-03-23 23:00:28'),('Kahlua',0.00000,NULL,0.00,'2022-03-23 23:00:28'),('Lager',0.00000,NULL,0.00,'2022-03-23 23:00:28'),('Lemon',0.00000,NULL,0.00,'2022-03-23 23:00:28'),('Lemon Juice',0.00000,NULL,0.00,'2022-03-23 23:00:28'),('Lemon Mix',0.00000,NULL,0.00,'2022-03-23 23:00:28'),('Lemon Slices',0.00000,NULL,0.00,'2022-03-23 23:00:28'),('Lemon Squeeze',0.00000,NULL,0.00,'2022-03-23 23:00:28'),('Lemon Squeeze (Fruit Discarded)',0.00000,NULL,0.00,'2022-03-23 23:00:28'),('Lemon Squeezes',0.00000,NULL,0.00,'2022-03-23 23:00:28'),('Lemon Vodka',0.00000,NULL,0.00,'2022-03-23 23:00:28'),('Lemonade',0.00000,NULL,0.00,'2022-03-23 23:00:28'),('Licor 43',0.00000,NULL,0.00,'2022-03-23 23:00:28'),('Lime',0.00000,NULL,0.00,'2022-03-23 23:00:28'),('Lime Cordial',0.00000,NULL,0.00,'2022-03-23 23:00:28'),('Lime Juice',0.00000,NULL,0.00,'2022-03-23 23:00:28'),('Lime Mix 1',0.00000,NULL,0.00,'2022-03-23 23:00:28'),('Lime Mix 2',0.00000,NULL,0.00,'2022-03-23 23:00:28'),('Lime Slice',0.00000,NULL,0.00,'2022-03-23 23:00:28'),('Lime Slices',0.00000,NULL,0.00,'2022-03-23 23:00:28'),('Lime Squeeze',0.00000,NULL,0.00,'2022-03-23 23:00:28'),('Lime Squeezes',0.00000,NULL,0.00,'2022-03-23 23:00:28'),('Limoncello',0.00000,NULL,0.00,'2022-03-23 23:00:28'),('London Essence Blood Orange & Elderflower',0.00000,NULL,0.00,'2022-03-23 23:00:28'),('London Essence Grapefruit & Rosemary',0.00000,NULL,0.00,'2022-03-23 23:00:28'),('London Essence Pomelo & Pink Pepper',0.00000,NULL,0.00,'2022-03-23 23:00:28'),('Maker\'s Mark Whiskey',750.00000,0.50,0.00,'2022-03-24 21:03:56'),('Malfy Gin Rosa',0.00000,NULL,0.00,'2022-03-23 23:00:28'),('Malt',0.00000,NULL,0.00,'2022-03-23 23:00:28'),('Maple Syrup',0.00000,NULL,0.00,'2022-03-23 23:00:28'),('Maraschino Cherries (Destemmed)',0.00000,NULL,0.00,'2022-03-23 23:00:28'),('Marinara Sauce',0.00000,NULL,0.00,'2022-03-23 23:00:28'),('Melon',0.00000,NULL,0.00,'2022-03-23 23:00:28'),('Milk',0.00000,NULL,0.00,'2022-03-23 23:00:28'),('Mint Leaves',0.00000,NULL,0.00,'2022-03-23 23:00:28'),('Monkey Shoulder Whiskey',0.00000,NULL,0.00,'2022-03-23 23:00:28'),('Montery Jack Cheese (Grated)',0.00000,NULL,0.00,'2022-03-23 23:00:28'),('Mozzarella Dippers',0.00000,NULL,0.00,'2022-03-23 23:00:28'),('Ms. Better\'s Bitters Foamer',0.00000,NULL,0.00,'2022-03-23 23:00:28'),('Ophir',0.00000,NULL,0.00,'2022-03-23 23:00:28'),('Orange Bitters',0.00000,NULL,0.00,'2022-03-23 23:00:28'),('Orange Blossom Water',0.00000,NULL,0.00,'2022-03-23 23:00:28'),('Orange Juice',0.00000,NULL,0.00,'2022-03-23 23:00:28'),('Orange Slice',0.00000,NULL,0.00,'2022-03-23 23:00:28'),('Orange Slices',0.00000,NULL,0.00,'2022-03-23 23:00:28'),('Orange Sorbet',0.00000,NULL,0.00,'2022-03-23 23:00:28'),('Orange Squeeze (Fruit Discarded)',0.00000,NULL,0.00,'2022-03-23 23:00:28'),('Orange Vodka',0.00000,NULL,0.00,'2022-03-23 23:00:28'),('Oreos',0.00000,NULL,0.00,'2022-03-23 23:00:28'),('Orgeat Syrup',0.00000,NULL,0.00,'2022-03-23 23:00:28'),('Overproof Rum',0.00000,NULL,0.00,'2022-03-23 23:00:28'),('Parsley (Chopped)',0.00000,NULL,0.00,'2022-03-23 23:00:28'),('Passion Fruit Juice',0.00000,NULL,0.00,'2022-03-23 23:00:28'),('Passion Fruit Pureé 1',0.00000,NULL,0.00,'2022-03-23 23:00:28'),('Passion Fruit Pureé 2',0.00000,NULL,0.00,'2022-03-23 23:00:28'),('Passion Fruit Seeds',0.00000,NULL,0.00,'2022-03-23 23:00:28'),('Passion Fruit Syrup',0.00000,NULL,0.00,'2022-03-23 23:00:28'),('Peach Juice',0.00000,NULL,0.00,'2022-03-23 23:00:28'),('Peach Pureé',0.00000,NULL,0.00,'2022-03-23 23:00:28'),('Peach Schnapps',0.00000,NULL,0.00,'2022-03-23 23:00:28'),('Peach Slice',0.00000,NULL,0.00,'2022-03-23 23:00:28'),('Peach Syrup',0.00000,NULL,0.00,'2022-03-23 23:00:28'),('Pepper Vodka',0.00000,NULL,0.00,'2022-03-23 23:00:28'),('Peppermint Schnapps',0.00000,NULL,0.00,'2022-03-23 23:00:28'),('Peychaud\'s Bitters',0.00000,NULL,0.00,'2022-03-23 23:00:28'),('Pimm\'s No. 1',0.00000,NULL,0.00,'2022-03-23 23:00:28'),('Piña Colada Mix',0.00000,NULL,0.00,'2022-03-23 23:00:28'),('Pineapple Chunks',0.00000,NULL,0.00,'2022-03-23 23:00:28'),('Pineapple Juice',0.00000,NULL,0.00,'2022-03-23 23:00:28'),('Pineapple Rum',0.00000,NULL,0.00,'2022-03-23 23:00:28'),('Pink Gin',0.00000,NULL,0.00,'2022-03-23 23:00:28'),('Pink Rhubarb Tonic',0.00000,NULL,0.00,'2022-03-23 23:00:28'),('Pisco',0.00000,NULL,0.00,'2022-03-23 23:00:28'),('Premium Bourbon Whiskey',0.00000,NULL,0.00,'2022-03-23 23:00:28'),('Premium Scotch Whiskey',0.00000,NULL,0.00,'2022-03-23 23:00:28'),('Premium Tonic Water',0.00000,NULL,0.00,'2022-03-23 23:00:28'),('Premium Vodka',0.00000,NULL,0.00,'2022-03-23 23:00:28'),('Prosecco',0.00000,NULL,0.00,'2022-03-23 23:00:28'),('Pumpkin Spice Syrup',0.00000,NULL,0.00,'2022-03-23 23:00:28'),('Raspberries',0.00000,NULL,0.00,'2022-03-23 23:00:28'),('Raspberry Pureé',0.00000,NULL,0.00,'2022-03-23 23:00:28'),('Raspberry Vodka',0.00000,NULL,0.00,'2022-03-23 23:00:28'),('Red Bull',0.00000,NULL,0.00,'2022-03-23 23:00:28'),('Red Bull Sugar Free',0.00000,NULL,0.00,'2022-03-23 23:00:28'),('Red Bull Tropical Edition',0.00000,NULL,0.00,'2022-03-23 23:00:28'),('Red Stag',0.00000,NULL,0.00,'2022-03-23 23:00:28'),('Red Wine',0.00000,NULL,0.00,'2022-03-23 23:00:28'),('Red Wine & Vinegar Dressing',0.00000,NULL,0.00,'2022-03-23 23:00:28'),('Regato Cheese',0.00000,NULL,0.00,'2022-03-23 23:00:28'),('Rhubarb Vodka',0.00000,NULL,0.00,'2022-03-23 23:00:28'),('Roquette',0.00000,NULL,0.00,'2022-03-23 23:00:28'),('Rose Syrup',0.00000,NULL,0.00,'2022-03-23 23:00:28'),('Rosé Wine',0.00000,NULL,0.00,'2022-03-23 23:00:28'),('Rum',0.00000,NULL,0.00,'2022-03-23 23:00:28'),('Salsa',0.00000,NULL,0.00,'2022-03-23 23:00:28'),('Sambuca',0.00000,NULL,0.00,'2022-03-23 23:00:28'),('Sanpellegrino Pompelmo',0.00000,NULL,0.00,'2022-03-23 23:00:28'),('Sazerac',0.00000,NULL,0.00,'2022-03-23 23:00:28'),('Scotch Whiskey',0.00000,NULL,0.00,'2022-03-23 23:00:28'),('Scotch Whiskey Liqueur',0.00000,NULL,0.00,'2022-03-23 23:00:28'),('Seedlip Garden 108',0.00000,NULL,0.00,'2022-03-23 23:00:28'),('Seedlip Spice 94',0.00000,NULL,0.00,'2022-03-23 23:00:28'),('Shell-On King Prawns',0.00000,NULL,0.00,'2022-03-23 23:00:28'),('Simple Syrup',0.00000,NULL,0.00,'2022-03-23 23:00:28'),('Single Espresso Shot',0.00000,NULL,0.00,'2022-03-23 23:00:28'),('Skyy',0.00000,NULL,0.00,'2022-03-23 23:00:28'),('Soda',0.00000,NULL,0.00,'2022-03-23 23:00:28'),('Sour Cream',0.00000,NULL,0.00,'2022-03-23 23:00:28'),('Southern Comfort',0.00000,NULL,0.00,'2022-03-23 23:00:28'),('Spiced Rum',0.00000,NULL,0.00,'2022-03-23 23:00:28'),('Spiced Tomato Mix',0.00000,NULL,0.00,'2022-03-23 23:00:28'),('Spring Onion',0.00000,NULL,0.00,'2022-03-23 23:00:28'),('Spring Onion (Sliced)',0.00000,NULL,0.00,'2022-03-23 23:00:28'),('Spring Onion & Chilli Mix',0.00000,NULL,0.00,'2022-03-23 23:00:28'),('St Remy XO',0.00000,NULL,0.00,'2022-03-23 23:00:28'),('Stem Ginger',0.00000,NULL,0.00,'2022-03-23 23:00:28'),('Stolichnaya',0.00000,NULL,0.00,'2022-03-23 23:00:28'),('Strawberries',0.00000,NULL,0.00,'2022-03-23 23:00:28'),('Strawberry Pureé',0.00000,NULL,0.00,'2022-03-23 23:00:28'),('Sugar-Free Sweetener',0.00000,NULL,0.00,'2022-03-23 23:00:28'),('Sweet & Sour Mix (Skinny)',0.00000,NULL,0.00,'2022-03-23 23:00:28'),('Sweet & Sour Mix 1',0.00000,NULL,0.00,'2022-03-23 23:00:28'),('Sweet & Sour Mix 2',0.00000,NULL,0.00,'2022-03-23 23:00:28'),('Sweet Vermouth',0.00000,NULL,0.00,'2022-03-23 23:00:28'),('Tabasco',0.00000,NULL,0.00,'2022-03-23 23:00:28'),('Tequila',0.00000,NULL,0.00,'2022-03-23 23:00:28'),('Teriyaki Sauce',0.00000,NULL,0.00,'2022-03-23 23:00:28'),('The Botanist Islay Dry Gin',0.00000,NULL,0.00,'2022-03-23 23:00:28'),('Tia Maria',0.00000,NULL,0.00,'2022-03-23 23:00:28'),('Toasted Sesame & Chilli Flakes Mix',0.00000,NULL,0.00,'2022-03-23 23:00:28'),('Toffee Popcorn Pieces',0.00000,NULL,0.00,'2022-03-23 23:00:28'),('Triple Joint Chicken Wings',0.00000,NULL,0.00,'2022-03-23 23:00:28'),('Triple Sec',0.00000,NULL,0.00,'2022-03-23 23:00:28'),('Ultimate Rack of Ribs',0.00000,NULL,0.00,'2022-03-23 23:00:28'),('Vanilla Ice Cream',0.00000,NULL,0.00,'2022-03-23 23:00:28'),('Vanilla Syrup',0.00000,NULL,0.00,'2022-03-23 23:00:28'),('Vanilla Vodka',0.00000,NULL,0.00,'2022-03-23 23:00:28'),('Vodka',0.00000,NULL,0.00,'2022-03-23 23:00:28'),('Water',0.00000,NULL,0.00,'2022-03-23 23:00:28'),('Watermelon Syrup',0.00000,NULL,0.00,'2022-03-23 23:00:28'),('Whistlepig',0.00000,NULL,0.00,'2022-03-23 23:00:28'),('White Cacao',0.00000,NULL,0.00,'2022-03-23 23:00:28'),('White Sugar (Granulated)',0.00000,NULL,0.00,'2022-03-23 23:00:28'),('White Wine',0.00000,NULL,0.00,'2022-03-23 23:00:28'),('Worcestershire Sauce',0.00000,NULL,0.00,'2022-03-23 23:00:28'),('Yoghurt',0.00000,NULL,0.00,'2022-03-23 23:00:28');
/*!40000 ALTER TABLE `ingredients` ENABLE KEYS */;
UNLOCK TABLES;

--
-- Table structure for table `measures`
--

DROP TABLE IF EXISTS `measures`;
/*!40101 SET @saved_cs_client     = @@character_set_client */;
/*!50503 SET character_set_client = utf8mb4 */;
CREATE TABLE `measures` (
  `measure_id` int NOT NULL AUTO_INCREMENT,
  `measure` varchar(16) NOT NULL,
  `unit` varchar(16) NOT NULL,
  PRIMARY KEY (`measure_id`),
  KEY `measures_measure_index` (`measure`),
  KEY `measures_units_unit_fk_2` (`unit`),
  CONSTRAINT `measures_units_unit_fk` FOREIGN KEY (`unit`) REFERENCES `units` (`unit`) ON DELETE CASCADE ON UPDATE CASCADE
) ENGINE=InnoDB AUTO_INCREMENT=169 DEFAULT CHARSET=utf8mb4 COLLATE=utf8mb4_unicode_520_ci;
/*!40101 SET character_set_client = @saved_cs_client */;

--
-- Dumping data for table `measures`
--

LOCK TABLES `measures` WRITE;
/*!40000 ALTER TABLE `measures` DISABLE KEYS */;
INSERT INTO `measures` (`measure_id`, `measure`, `unit`) VALUES (1,'1','Oz'),(2,'1 1/2','Oz'),(3,'1 1/4','Oz'),(4,'1 3/4','Oz'),(5,'1/2','Oz'),(6,'1/4','Oz'),(7,'2','Oz'),(8,'2 1/2','Oz'),(9,'2 1/4','Oz'),(10,'2 3/4','Oz'),(11,'3','Oz'),(12,'3 1/2','Oz'),(13,'3/4','Oz'),(14,'4','Oz'),(15,'4 1/2','Oz'),(16,'5','Oz'),(17,'with',' '),(18,'3',' '),(19,'1/2','Scoop'),(20,'2','Scoops'),(21,'1 1/2','Scoops'),(23,'1/2',' '),(24,'2','Dashes'),(25,'1/4',' '),(26,'1','Scoop'),(27,'3/4','Scoop'),(28,'4',' '),(29,'2',' '),(30,'3','Bar Spoons'),(31,'9',' '),(32,'1',' '),(33,'1','Bar Spoon'),(34,'1','Dash'),(35,'12',' '),(36,'25','ml'),(37,'50','ml'),(38,'2','Bar Spoons'),(39,'6',' '),(40,'1/2','Lime of'),(41,'5',' '),(42,'3','Scoops'),(43,'15',' '),(44,'250','ml'),(45,'1','Lemon of'),(46,'1','Lime of'),(47,'1/8',' '),(48,'12 to 15',' '),(49,'1','Orange of'),(50,'18',' '),(51,'4','Bar Spoons'),(52,'1','ml'),(54,'6','Oz'),(55,'1/4','Scoop'),(56,'150','ml'),(57,'20','ml'),(58,'3/4',' '),(59,'1/2','Passion Fruit of'),(60,'5','Scoops'),(61,'6','Scoops'),(62,'5','Bar Spoons'),(63,'4','Scoops'),(64,'10','Oz'),(65,'660','ml'),(66,'330','ml'),(67,'730','ml'),(68,'180','ml'),(69,'90','ml'),(70,'1','kg'),(71,'Required amount',' '),(72,'60',' '),(73,'1','L'),(74,'230','ml'),(75,'500','ml'),(76,'500','g'),(77,'300','ml'),(78,'125','g'),(79,'340','ml'),(80,'30','ml'),(81,'100','g'),(82,'100','ml'),(83,'200','ml'),(84,'2','Sachets'),(85,'18','Oz'),(86,'4','Dashes'),(87,'130','ml'),(88,'750','ml'),(89,'450','ml'),(90,'225','ml'),(91,'75','ml'),(92,'375','ml'),(93,'2','L'),(94,'1.2','L'),(95,'600','ml'),(96,'800','ml'),(97,'160','ml'),(98,'2','kg'),(99,'1.5','L'),(100,'900','ml'),(101,'400','ml'),(102,'15','ml'),(103,'28','g'),(104,'9','Oz'),(105,'1','Bottle of'),(106,'120','ml'),(107,'30','g'),(108,'1','g'),(109,'6','g'),(110,'60','g'),(111,'15','g'),(112,'20',' '),(113,'8','g'),(114,'42','g'),(115,'2','g'),(116,'5','g'),(117,'3','g'),(118,'70','g'),(119,'170','g'),(120,'75','g'),(121,'20','g'),(122,'5','ml'),(123,'10','g'),(124,'12','g'),(125,'120','g'),(126,'90','g'),(127,'50','g'),(128,'84','g'),(129,'60','ml'),(130,'35',' '),(131,'40','g'),(132,'16','g'),(133,'45','ml'),(134,'120','ml'),(135,'200','g'),(136,'45','g'),(137,'160','g'),(138,'340','g'),(139,'133','g'),(140,'40','ml'),(141,'35','g'),(142,'80','g'),(143,'60','g'),(144,'200','ml'),(145,'1/2','Oz'),(146,'1 1/2','Oz'),(147,'2','Oz'),(148,'200','ml'),(149,'1/2','Oz'),(150,'1','Oz'),(151,'1','Oz'),(152,'1','Oz'),(153,'1','Oz'),(155,'1/2','Oz'),(156,'200','ml'),(157,'2','Oz'),(158,'200','ml'),(159,'1/2','Oz'),(160,'2','Oz'),(161,'200','ml'),(162,'1/2','Oz'),(163,'1/2','Oz'),(164,'200','ml'),(165,'2','Oz'),(166,'1/2','Oz'),(167,'200','ml'),(168,'2','Oz');
/*!40000 ALTER TABLE `measures` ENABLE KEYS */;
UNLOCK TABLES;

--
-- Table structure for table `recipe_ingredients`
--

DROP TABLE IF EXISTS `recipe_ingredients`;
/*!40101 SET @saved_cs_client     = @@character_set_client */;
/*!50503 SET character_set_client = utf8mb4 */;
CREATE TABLE `recipe_ingredients` (
  `recipe_ingredient_id` int NOT NULL AUTO_INCREMENT,
  `recipe` varchar(64) NOT NULL,
  `measure` varchar(16) NOT NULL,
  `unit` varchar(16) NOT NULL,
  `ingredient` varchar(64) NOT NULL,
  PRIMARY KEY (`recipe_ingredient_id`),
  UNIQUE KEY `recipe_ingredients_row_uindex` (`recipe`,`measure`,`unit`,`ingredient`),
  KEY `recipe_ingredients_measures_measure_fk` (`measure`),
  KEY `recipe_ingredients_measures_unit_fk` (`unit`),
  KEY `recipe_ingredients_ingredients_ingredient_fk` (`ingredient`),
  CONSTRAINT `recipe_ingredients_ingredients_ingredient_fk` FOREIGN KEY (`ingredient`) REFERENCES `ingredients` (`ingredient`) ON UPDATE CASCADE,
  CONSTRAINT `recipe_ingredients_measures_measure_fk` FOREIGN KEY (`measure`) REFERENCES `measures` (`measure`) ON UPDATE CASCADE,
  CONSTRAINT `recipe_ingredients_measures_unit_fk` FOREIGN KEY (`unit`) REFERENCES `measures` (`unit`) ON UPDATE CASCADE,
  CONSTRAINT `recipe_ingredients_recipes_recipe_fk` FOREIGN KEY (`recipe`) REFERENCES `recipes` (`recipe`) ON DELETE CASCADE ON UPDATE CASCADE
) ENGINE=InnoDB AUTO_INCREMENT=4725 DEFAULT CHARSET=utf8mb4 COLLATE=utf8mb4_unicode_520_ci;
/*!40101 SET character_set_client = @saved_cs_client */;

--
-- Dumping data for table `recipe_ingredients`
--

LOCK TABLES `recipe_ingredients` WRITE;
/*!40000 ALTER TABLE `recipe_ingredients` DISABLE KEYS */;
INSERT INTO `recipe_ingredients` (`recipe_ingredient_id`, `recipe`, `measure`, `unit`, `ingredient`) VALUES (2462,'#Instastoli','1','Oz','Stolichnaya'),(2465,'#Instastoli','1/2','Oz','Apple Juice'),(2469,'#Instastoli','1/2','Oz','Cranberry Juice'),(2464,'#Instastoli','1/2','Oz','Passion Fruit Juice'),(2463,'#Instastoli','1/2','Oz','Pink Gin'),(2466,'#Instastoli','1/2','Oz','Vanilla Syrup'),(2467,'#Instastoli','2','Scoops','Orange Sorbet'),(2468,'#Instastoli','3/4','Scoop','Crushed Ice'),(2473,'#Instastoli (Legacy)','1','Oz','Apple Juice'),(2478,'#Instastoli (Legacy)','1','Oz','Cranberry Juice'),(2472,'#Instastoli (Legacy)','1','Oz','Passion Fruit Juice'),(2470,'#Instastoli (Legacy)','1','Oz','Stolichnaya'),(2477,'#Instastoli (Legacy)','1','Scoop','Crushed Ice'),(2471,'#Instastoli (Legacy)','1/2','Oz','Pink Gin'),(2474,'#Instastoli (Legacy)','1/2','Oz','Vanilla Syrup'),(2475,'#Instastoli (Legacy)','1/4','Oz','Lemon Juice'),(2476,'#Instastoli (Legacy)','2','Scoops','Orange Sorbet'),(1845,'57 T-Birds (California Plates)','1/2','Oz','Amaretto'),(1844,'57 T-Birds (California Plates)','1/2','Oz','Grand Marnier'),(1847,'57 T-Birds (California Plates)','1/2','Oz','Orange Juice'),(1846,'57 T-Birds (California Plates)','1/2','Oz','Vodka'),(1849,'57 T-Birds (Cape Cod Plates)','1/2','Oz','Amaretto'),(1851,'57 T-Birds (Cape Cod Plates)','1/2','Oz','Cranberry Juice'),(1848,'57 T-Birds (Cape Cod Plates)','1/2','Oz','Grand Marnier'),(1850,'57 T-Birds (Cape Cod Plates)','1/2','Oz','Vodka'),(1841,'57 T-Birds (Florida Plates)','1/2','Oz','Amaretto'),(1840,'57 T-Birds (Florida Plates)','1/2','Oz','Grand Marnier'),(1843,'57 T-Birds (Florida Plates)','1/2','Oz','Grapefruit Juice'),(1842,'57 T-Birds (Florida Plates)','1/2','Oz','Vodka'),(1837,'57 T-Birds (Hawaiian Plates)','1/2','Oz','Amaretto'),(1836,'57 T-Birds (Hawaiian Plates)','1/2','Oz','Grand Marnier'),(1839,'57 T-Birds (Hawaiian Plates)','1/2','Oz','Pineapple Juice'),(1838,'57 T-Birds (Hawaiian Plates)','1/2','Oz','Vodka'),(2418,'63rd + 1st Manhattan (Rocks)','1','Dash','Angostura Bitters'),(2419,'63rd + 1st Manhattan (Rocks)','1','Dash','Chocolate Bitters'),(2415,'63rd + 1st Manhattan (Rocks)','1 1/2','Oz','Maker\'s Mark Whiskey'),(2416,'63rd + 1st Manhattan (Rocks)','1/2','Oz','Sweet Vermouth'),(2417,'63rd + 1st Manhattan (Rocks)','1/2','Oz','Triple Sec'),(2414,'63rd + 1st Manhattan (Up)','1','Dash','Angostura Bitters'),(2413,'63rd + 1st Manhattan (Up)','1','Oz','Sweet Vermouth'),(2412,'63rd + 1st Manhattan (Up)','2','Oz','Maker\'s Mark Whiskey'),(12,'77 Sunset Strip','1 1/2','Oz','Pineapple Juice'),(9,'77 Sunset Strip','1/2','Oz','Gin'),(14,'77 Sunset Strip','1/2','Oz','Grenadine'),(8,'77 Sunset Strip','1/2','Oz','Rum'),(11,'77 Sunset Strip','1/2','Oz','Triple Sec'),(10,'77 Sunset Strip','1/2','Oz','Vodka'),(13,'77 Sunset Strip','with',' ','Lemonade'),(2708,'Á L\'Orange','1 1/4','Oz','Absolut Mandarin'),(2709,'Á L\'Orange','2','Oz','Orange Juice'),(2710,'Á L\'Orange','with',' ','Bitter Lemon'),(21,'Absolut Orynge','1 1/2','Oz','Absolut Citron'),(24,'Absolut Orynge','1/2','Oz','Lemon Juice'),(23,'Absolut Orynge','1/2','Oz','Orange Juice'),(22,'Absolut Orynge','1/2','Oz','Triple Sec'),(25,'Absolut Orynge','3',' ','Lemon Squeezes'),(26,'Adam\'s Apple','1 1/4','Oz','Vodka'),(27,'Adam\'s Apple','4','Oz','Apple Juice'),(1854,'After 5','1/2','Oz','Baileys Irish Cream'),(1852,'After 5','1/2','Oz','Kahlua'),(1853,'After 5','1/2','Oz','Peppermint Schnapps'),(2712,'Aggravation','1','Oz','Kahlua'),(2711,'Aggravation','1 1/4','Oz','Scotch Whiskey'),(2713,'Aggravation','3','Oz','Half & Half'),(34,'Alabama Slammer','1/2','Oz','Grenadine'),(35,'Alabama Slammer','3','Oz','Orange Juice'),(33,'Alabama Slammer','3/4','Oz','Amaretto'),(32,'Alabama Slammer','3/4','Oz','Southern Comfort'),(31,'Alabama Slammer','3/4','Oz','Vodka'),(1857,'Alice in Wonderland','1/2','Oz','Grand Marnier'),(1856,'Alice in Wonderland','1/2','Oz','Tequila'),(1855,'Alice in Wonderland','1/2','Oz','Tia Maria'),(4518,'Almond Chocolate','1 1/4','Oz','Amaretto'),(4519,'Almond Chocolate','with',' ','Hot Chocolate'),(2716,'Almond Joey','1','Oz','Chocolate Syrup'),(2715,'Almond Joey','1','Oz','Cream of Coconut'),(2714,'Almond Joey','1 1/4','Oz','Amaretto'),(2718,'Almond Joey','1/2','Scoop','Crushed Ice'),(2717,'Almond Joey','2','Scoops','Vanilla Ice Cream'),(43,'Almond Mocha','1 1/4','Oz','Amaretto'),(44,'Almond Mocha','1/2','Oz','Chocolate Syrup'),(45,'Almond Mocha','with',' ','Hot Coffee'),(2719,'Amaretto Choco-Cream','1','Oz','Amaretto'),(2721,'Amaretto Choco-Cream','1','Oz','Chocolate Syrup'),(2720,'Amaretto Choco-Cream','1','Oz','Dark Cacao'),(2723,'Amaretto Choco-Cream','1/2','Scoop','Crushed Ice'),(2722,'Amaretto Choco-Cream','2','Scoops','Vanilla Ice Cream'),(53,'Amaretto Colada','1 1/2','Scoops','Crushed Ice'),(51,'Amaretto Colada','1 1/4','Oz','Amaretto'),(52,'Amaretto Colada','5','Oz','Piña Colada Mix'),(2724,'Americano','1','Oz','Campari'),(2725,'Americano','1','Oz','Sweet Vermouth'),(2726,'Americano','with',' ','Soda'),(1981,'André The Peachlifter','1','Oz','Cream of Coconut'),(1984,'André The Peachlifter','1','Scoop','Crushed Ice'),(1980,'André The Peachlifter','1 1/4','Oz','Lime Mix 1'),(1982,'André The Peachlifter','1/2','Oz','Vanilla Syrup'),(1983,'André The Peachlifter','1/4','Oz','(Ripe) Seedless Apple'),(1979,'André The Peachlifter','3','Oz','Peach Pureé'),(2730,'Angel\'s Tip','1','Oz','Half & Half'),(2729,'Angel\'s Tip','1 1/2','Oz','Dark Cacao'),(63,'Anise Almond Coffee','1/2','Oz','Amaretto'),(62,'Anise Almond Coffee','1/2','Oz','Dark Cacao'),(61,'Anise Almond Coffee','1/2','Oz','Sambuca'),(64,'Anise Almond Coffee','with',' ','Hot Coffee'),(2732,'Anti-Freeze','1','Oz','Blue Curaçao'),(2731,'Anti-Freeze','1 1/4','Oz','Gin'),(2733,'Anti-Freeze','3','Oz','Grapefruit Juice'),(2342,'Aperol Spritz','1','Dash','Soda'),(2341,'Aperol Spritz','2','Oz','Aperol Aperitivo'),(2340,'Aperol Spritz','3','Oz','Prosecco'),(4503,'Apple & Blueberry Soda ','1','Oz','Apple Juice'),(4502,'Apple & Blueberry Soda ','1','Oz','Blueberry Juice'),(4504,'Apple & Blueberry Soda ','1/4','Oz','Elderflower Cordial'),(4505,'Apple & Blueberry Soda ','with',' ','Soda'),(2735,'Apple À La Mode','1 1/4','Oz','Rum'),(2734,'Apple À La Mode','1/2',' ','(Ripe) Seedless Apple'),(2739,'Apple À La Mode','1/2','Scoop','Crushed Ice'),(2737,'Apple À La Mode','2','Dashes','Cinnamon'),(2736,'Apple À La Mode','2','Oz','Apple Juice'),(2738,'Apple À La Mode','2','Scoops','Vanilla Ice Cream'),(2740,'Apple Breeze','1 1/4','Oz','Blackcurrant Vodka'),(2741,'Apple Breeze','2','Oz','Apple Juice'),(2742,'Apple Breeze','with',' ','Ginger Ale'),(2745,'Apple Martini','1','Oz','Apple Juice'),(2743,'Apple Martini','1 1/2','Oz','Premium Vodka'),(2744,'Apple Martini','1/2','Oz','Crème de Pomme'),(2749,'Apple Passion','1','Oz','Black Vodka'),(2748,'Apple Passion','3','Oz','Apple Juice'),(2747,'Apple Passion','3','Oz','Passion Fruit Juice'),(2746,'Apple Passion','3/4','Oz','Blue Curaçao'),(2750,'Arizona Cooler','1 1/4','Oz','Gin'),(2751,'Arizona Cooler','2','Oz','Cranberry Juice'),(2752,'Arizona Cooler','2','Oz','Grapefruit Juice'),(4626,'Avocado Houmous','1/2',' ','Lime'),(4625,'Avocado Houmous','20',' ','Cajun Corn (Quartered)'),(4624,'Avocado Houmous','28','g','Guacamole'),(4623,'Avocado Houmous','84','g','Avocado Houmous Dressing'),(1859,'B-52','1/2','Oz','Baileys Irish Cream'),(1860,'B-52','1/2','Oz','Grand Marnier'),(1858,'B-52','1/2','Oz','Kahlua'),(1862,'Baby Woo Woo','1/2','Oz','Cranberry Juice'),(1861,'Baby Woo Woo','1/2','Oz','Peach Schnapps'),(1863,'Baby Woo Woo','1/2','Oz','Vodka'),(87,'Bahama Mama','1 1/2','Oz','Orange Juice'),(88,'Bahama Mama','1 1/2','Oz','Pineapple Juice'),(84,'Bahama Mama','1/2','Oz','Coconut Rum'),(85,'Bahama Mama','1/2','Oz','Crème de Banane'),(83,'Bahama Mama','1/2','Oz','Gold Rum'),(86,'Bahama Mama','1/2','Oz','Grenadine'),(4444,'Baileys Chocolate Orange','1','Dash','Chocolate Bitters'),(4441,'Baileys Chocolate Orange','1','Oz','Baileys Irish Cream'),(4445,'Baileys Chocolate Orange','1/2','Oz','Chocolate Syrup'),(4443,'Baileys Chocolate Orange','2 1/2','Oz','Milk'),(4442,'Baileys Chocolate Orange','3/4','Oz','Triple Sec'),(2755,'Baileys Comet','1','Oz','Half & Half'),(2754,'Baileys Comet','3/4','Oz','Amaretto'),(2753,'Baileys Comet','3/4','Oz','Baileys Irish Cream'),(92,'Ballet Russe','1 1/4','Oz','Vodka'),(93,'Ballet Russe','1/2','Oz','Crème de Cassis'),(94,'Ballet Russe','3','Oz','Sweet & Sour Mix 1'),(2757,'Baltimore Zoo','1/2','Oz','Gin'),(2756,'Baltimore Zoo','1/2','Oz','Rum'),(2758,'Baltimore Zoo','1/2','Oz','Triple Sec'),(2759,'Baltimore Zoo','2','Oz','Cranberry Juice'),(2760,'Baltimore Zoo','with',' ','Lager'),(2762,'Banana Bang','1 1/4','Oz','Crème de Banane'),(2761,'Banana Bang','1/2',' ','(Ripe) Banana'),(2763,'Banana Bang','1/2','Oz','Sweet & Sour Mix 1'),(2764,'Banana Bang','1/2','Oz','Vanilla Syrup'),(2766,'Banana Bang','1/2','Scoop','Crushed Ice'),(2765,'Banana Bang','2','Scoops','Vanilla Ice Cream'),(2768,'Banana Banshee (Frozen)','1','Oz','Crème de Banane'),(2769,'Banana Banshee (Frozen)','1','Oz','White Cacao'),(2767,'Banana Banshee (Frozen)','1/2',' ','(Ripe) Banana'),(2771,'Banana Banshee (Frozen)','1/2','Scoop','Crushed Ice'),(2770,'Banana Banshee (Frozen)','2','Scoops','Vanilla Ice Cream'),(2772,'Banana Banshee (Screaming)','1/2',' ','(Ripe) Banana'),(2777,'Banana Banshee (Screaming)','1/2','Scoop','Crushed Ice'),(2776,'Banana Banshee (Screaming)','2','Scoops','Vanilla Ice Cream'),(2773,'Banana Banshee (Screaming)','3/4','Oz','Crème de Banane'),(2775,'Banana Banshee (Screaming)','3/4','Oz','Vodka'),(2774,'Banana Banshee (Screaming)','3/4','Oz','White Cacao'),(2780,'Banana Banshee (Up)','1','Oz','Half & Half'),(2778,'Banana Banshee (Up)','3/4','Oz','Crème de Banane'),(2779,'Banana Banshee (Up)','3/4','Oz','White Cacao'),(2781,'Banana Boat','1/2',' ','(Ripe) Banana'),(2786,'Banana Boat','1/2','Scoop','Crushed Ice'),(2785,'Banana Boat','2','Scoops','Vanilla Ice Cream'),(2784,'Banana Boat','3/4','Oz','Crème de Banane'),(2782,'Banana Boat','3/4','Oz','Rum'),(2783,'Banana Boat','3/4','Oz','White Cacao'),(4282,'Banana Malt','1',' ','(Ripe) Banana'),(4283,'Banana Malt','3 1/2','Oz','Milk'),(4285,'Banana Malt','4','Bar Spoons','Malt'),(4284,'Banana Malt','5','Scoops','Vanilla Ice Cream'),(4335,'Banana Malt (Small)','1/2',' ','(Ripe) Banana'),(4336,'Banana Malt (Small)','2','Oz','Milk'),(4337,'Banana Malt (Small)','3','Scoops','Vanilla Ice Cream'),(4338,'Banana Malt (Small)','4','Bar Spoons','Malt'),(2171,'Banana Milkshake','1',' ','(Ripe) Banana'),(2172,'Banana Milkshake','3 1/2','Oz','Milk'),(2173,'Banana Milkshake','5','Scoops','Vanilla Ice Cream'),(2140,'Banana Milkshake (Small)','1/2',' ','(Ripe) Banana'),(2141,'Banana Milkshake (Small)','2','Oz','Milk'),(2142,'Banana Milkshake (Small)','3','Scoops','Vanilla Ice Cream'),(2787,'Banana Popsicle','1 1/4','Oz','Crème de Banane'),(2790,'Banana Popsicle','1/2','Scoop','Crushed Ice'),(2789,'Banana Popsicle','2','Scoops','Orange Sorbet'),(2788,'Banana Popsicle','3','Oz','Orange Juice'),(2794,'Banana Sandwich','1','Oz','Half & Half'),(2793,'Banana Sandwich','1 1/4','Oz','Crème de Banane'),(2791,'Banana Sandwich','1/2',' ','(Ripe) Banana'),(2796,'Banana Sandwich','1/2','Scoop','Crushed Ice'),(2795,'Banana Sandwich','2','Scoops','Vanilla Ice Cream'),(2792,'Banana Sandwich','3',' ','Oreos'),(2798,'Banana Split (Cocktail)','1','Oz','Strawberry Pureé'),(2797,'Banana Split (Cocktail)','1/2',' ','(Ripe) Banana'),(2803,'Banana Split (Cocktail)','1/2','Scoop','Crushed Ice'),(2802,'Banana Split (Cocktail)','2','Scoops','Vanilla Ice Cream'),(2799,'Banana Split (Cocktail)','3/4','Oz','Crème de Banane'),(2800,'Banana Split (Cocktail)','3/4','Oz','Crème de Fraise'),(2801,'Banana Split (Cocktail)','3/4','Oz','Dark Cacao'),(1866,'Banana Split (Shooter)','1/2','Oz','Amaretto'),(1865,'Banana Split (Shooter)','1/2','Oz','Crème de Banane'),(1864,'Banana Split (Shooter)','1/2','Oz','Dark Cacao'),(2806,'Banoffee Martini','1','Oz','Half & Half'),(2807,'Banoffee Martini','1 1/4','Oz','Vanilla Vodka'),(2804,'Banoffee Martini','1/2',' ','(Ripe) Banana'),(2809,'Banoffee Martini','1/2','Oz','Butterscotch Schnapps'),(2805,'Banoffee Martini','1/2','Oz','Caramel Syrup'),(2808,'Banoffee Martini','1/2','Oz','Crème de Banane'),(4691,'Barbacoa Beef & Cheese Potato Skins','1','g','Parsley (Chopped)'),(4685,'Barbacoa Beef & Cheese Potato Skins','3',' ','Half Potato Skins'),(4688,'Barbacoa Beef & Cheese Potato Skins','30','g','Caramelised Onions'),(4690,'Barbacoa Beef & Cheese Potato Skins','30','g','Montery Jack Cheese (Grated)'),(4689,'Barbacoa Beef & Cheese Potato Skins','6','g','Fry Seasoning'),(4686,'Barbacoa Beef & Cheese Potato Skins','60','g','Barbacoa Beef Brisket'),(4687,'Barbacoa Beef & Cheese Potato Skins','75','ml','Cheese Sauce'),(2818,'Barbados Iced Tea','1/2','Oz','Coconut Rum'),(2817,'Barbados Iced Tea','1/2','Oz','Rum'),(2816,'Barbados Iced Tea','1/2','Oz','Triple Sec'),(2815,'Barbados Iced Tea','1/2','Oz','Vodka'),(2819,'Barbados Iced Tea','2','Oz','Sweet & Sour Mix 1'),(2820,'Barbados Iced Tea','with',' ','Pineapple Juice'),(2822,'Barnamint Baileys','1','Oz','Baileys Irish Cream'),(2824,'Barnamint Baileys','1','Oz','Half & Half'),(2826,'Barnamint Baileys','1/2','Scoop','Crushed Ice'),(2825,'Barnamint Baileys','2','Scoops','Vanilla Ice Cream'),(2821,'Barnamint Baileys','3',' ','Oreos'),(2823,'Barnamint Baileys','3/4','Oz','Crème de Menthe'),(4058,'Basil Berry Smash','1',' ','Orange Slices'),(4060,'Basil Berry Smash','1/2','Oz','Agave Syrup'),(4059,'Basil Berry Smash','12',' ','Basil Leaves'),(4062,'Basil Berry Smash','2','Oz','Cranberry Juice'),(4061,'Basil Berry Smash','2','Oz','Strawberry Pureé'),(4063,'Basil Berry Smash','with',' ','Soda'),(2827,'Bay Breeze','1 1/4','Oz','Vodka'),(2828,'Bay Breeze','2','Oz','Cranberry Juice'),(2829,'Bay Breeze','2','Oz','Pineapple Juice'),(2831,'Bayou Bloody Mary','1','Oz','Tabasco'),(2830,'Bayou Bloody Mary','1 1/4','Oz','Vodka'),(2832,'Bayou Bloody Mary','3','Oz','Spiced Tomato Mix'),(4565,'BBQ Bean Nachos','100','g','BBQ Beans'),(4569,'BBQ Bean Nachos','2','g','Coriander (Chopped)'),(4564,'BBQ Bean Nachos','20',' ','Cajun Corn (Quartered)'),(4571,'BBQ Bean Nachos','30','ml','Avocado & Lime Dressing'),(4568,'BBQ Bean Nachos','30','ml','Salsa'),(4567,'BBQ Bean Nachos','42','g','Guacamole'),(4570,'BBQ Bean Nachos','5','g','Spring Onion & Chilli Mix'),(4566,'BBQ Bean Nachos','8','g','Green Jalapeño Peppers (Sliced)'),(4652,'BBQ Bean Nachos (to Share)','10','g','Spring Onion & Chilli Mix'),(4649,'BBQ Bean Nachos (to Share)','16','g','Green Jalapeño Peppers (Sliced)'),(4651,'BBQ Bean Nachos (to Share)','2','g','Coriander (Chopped)'),(4648,'BBQ Bean Nachos (to Share)','200','g','BBQ Beans'),(4647,'BBQ Bean Nachos (to Share)','35',' ','Cajun Corn (Quartered)'),(4653,'BBQ Bean Nachos (to Share)','45','g','Avocado & Lime Dressing'),(4654,'BBQ Bean Nachos (to Share)','60','g','Salsa'),(4650,'BBQ Bean Nachos (to Share)','84','g','Guacamole'),(2329,'Beachbull','1 1/2','Oz','Pineapple Juice'),(2327,'Beachbull','1 1/4','Oz','Coconut Rum'),(2328,'Beachbull','3/4','Oz','Crème de Cantaloupe'),(2330,'Beachbull','with',' ','Red Bull'),(174,'Beachbull (Legacy)','1 1/2','Oz','Pineapple Juice'),(172,'Beachbull (Legacy)','1 1/4','Oz','Coconut Rum'),(173,'Beachbull (Legacy)','3/4','Oz','Crème de Cantaloupe'),(175,'Beachbull (Legacy)','with',' ','Red Bull'),(4520,'Beefeater Blood Orange','25','ml','Beefeater Blood Orange'),(4522,'Beefeater Pink Strawberry','25','ml','Beefeater Pink Strawberry'),(2841,'Bellini - Melon','1','Oz','Crème de Cantaloupe'),(2842,'Bellini - Melon','1','Oz','Simple Syrup'),(2840,'Bellini - Melon','1','Oz','Vodka'),(2843,'Bellini - Melon','1','Scoop','Crushed Ice'),(2844,'Bellini - Melon','1 1/2','Oz','Champagne'),(2839,'Bellini - Melon','1/8',' ','Melon'),(2850,'Bellini - Peach (Frozen)','1','Oz','Peach Pureé'),(2852,'Bellini - Peach (Frozen)','1','Oz','Peach Schnapps'),(2853,'Bellini - Peach (Frozen)','1','Oz','Simple Syrup'),(2851,'Bellini - Peach (Frozen)','1','Oz','Vodka'),(2854,'Bellini - Peach (Frozen)','1','Scoop','Crushed Ice'),(2855,'Bellini - Peach (Frozen)','1 1/2','Oz','Champagne'),(2856,'Bellini - Peach (Up)','1/2',' ','Peach Schnapps'),(2858,'Bellini - Peach (Up)','2','Oz','Champagne'),(2857,'Bellini - Peach (Up)','2','Oz','Peach Juice'),(2835,'Bellini - Raspberry','1','Oz','Crème de Framboise'),(2833,'Bellini - Raspberry','1','Oz','Raspberry Pureé'),(2836,'Bellini - Raspberry','1','Oz','Simple Syrup'),(2834,'Bellini - Raspberry','1','Oz','Vodka'),(2837,'Bellini - Raspberry','1','Scoop','Crushed Ice'),(2838,'Bellini - Raspberry','1 1/2','Oz','Champagne'),(2847,'Bellini - Strawberry','1','Oz','Crème de Fraise'),(2848,'Bellini - Strawberry','1','Oz','Simple Syrup'),(2846,'Bellini - Strawberry','1','Oz','Vodka'),(2849,'Bellini - Strawberry','1','Scoop','Crushed Ice'),(2845,'Bellini - Strawberry','4',' ','Strawberries'),(2215,'Berry Blizzard','1','Oz','Strawberry Pureé'),(2213,'Berry Blizzard','2','Oz','Milk'),(2214,'Berry Blizzard','4',' ','Blackberries'),(2212,'Berry Blizzard','4','Scoops','Vanilla Ice Cream'),(198,'Between the Sheets','3/4','Oz','Brandy'),(200,'Between the Sheets','3/4','Oz','Lime Mix 1'),(197,'Between the Sheets','3/4','Oz','Rum'),(199,'Between the Sheets','3/4','Oz','Triple Sec'),(2860,'Beverley Hills Iced Tea','1/2','Oz','Gin'),(2859,'Beverley Hills Iced Tea','1/2','Oz','Rum'),(2862,'Beverley Hills Iced Tea','1/2','Oz','Triple Sec'),(2861,'Beverley Hills Iced Tea','1/2','Oz','Vodka'),(2863,'Beverley Hills Iced Tea','2','Oz','Sweet & Sour Mix 1'),(2864,'Beverley Hills Iced Tea','with',' ','Champagne'),(4238,'Birthday Cake Shake','1','Oz','Strawberry Pureé'),(4236,'Birthday Cake Shake','1','Oz','Vanilla Syrup'),(4237,'Birthday Cake Shake','2','Bar Spoons','100s & 1000s'),(4235,'Birthday Cake Shake','2','Oz','Milk'),(4234,'Birthday Cake Shake','4','Scoops','Vanilla Ice Cream'),(2865,'Bit O\'Honey','1','Oz','Baileys Irish Cream'),(2867,'Bit O\'Honey','1','Oz','Half & Half'),(2866,'Bit O\'Honey','1','Oz','White Cacao'),(2869,'Bit O\'Honey','1/2','Scoop','Crushed Ice'),(2868,'Bit O\'Honey','2','Scoops','Vanilla Ice Cream'),(216,'Black Forest','1/2','Oz','Chambord'),(218,'Black Forest','1/2','Oz','Vodka'),(217,'Black Forest','1/2','Oz','White Cacao'),(219,'Black Forest','with',' ','Hot Chocolate'),(4488,'Black Forest Martini','1','ml','Ms. Better\'s Bitters Foamer'),(4487,'Black Forest Martini','1','Oz','Chilled Coffee'),(4486,'Black Forest Martini','1 1/2','Oz','Cherry Rum'),(4485,'Black Forest Martini','1 1/2','Oz','Kahlua'),(2873,'Black Pearl','1','Oz','Blueberry Juice'),(2870,'Black Pearl','1 1/2','Oz','Rum'),(2871,'Black Pearl','1/2','Oz','Crème de Mûre'),(2872,'Black Pearl','1/2','Oz','Raspberry Pureé'),(220,'Black Russian','1 1/2','Oz','Vodka'),(221,'Black Russian','3/4','Oz','Kahlua'),(222,'Black Russian','with',' ','Coke Zero'),(4434,'Bloody Mary','1/2','Oz','Lemon Mix'),(4433,'Bloody Mary','2','Oz','Premium Vodka'),(4430,'Bloody Mary','25','ml','Tabasco'),(4431,'Bloody Mary','25','ml','Worcestershire Sauce'),(4432,'Bloody Mary','28','g','Black Pepper & Celery Salt'),(4435,'Bloody Mary','with',' ','Spiced Tomato Mix'),(227,'Bloody Mary (Legacy)','1 1/4','Oz','Vodka'),(228,'Bloody Mary (Legacy)','4','Oz','Spiced Tomato Mix'),(232,'Blue Monday','1 1/2','Oz','Half & Half'),(231,'Blue Monday','1 1/2','Oz','Orange Juice'),(229,'Blue Monday','1 1/4','Oz','Rum'),(230,'Blue Monday','1/2','Oz','Blue Curaçao'),(233,'Blue Passion','1 1/4','Oz','Rum'),(234,'Blue Passion','1/2','Oz','Blue Curaçao'),(235,'Blue Passion','3','Oz','Sweet & Sour Mix 1'),(4115,'Blueberry Blitz','1/2','Oz','Elderflower Cordial'),(4116,'Blueberry Blitz','1/2','Oz','Sweet & Sour Mix 1'),(4114,'Blueberry Blitz','2','Oz','Apple Juice'),(4113,'Blueberry Blitz','2','Oz','Blueberry Juice'),(4117,'Blueberry Blitz','with',' ','Soda'),(236,'Bolshoi Punch','1 1/4','Oz','Vodka'),(238,'Bolshoi Punch','1/4','Oz','Crème de Cassis'),(237,'Bolshoi Punch','1/4','Oz','Rum'),(239,'Bolshoi Punch','3','Oz','Sweet & Sour Mix 1'),(4521,'Bombay Sapphire','25','ml','Bombay Sapphire'),(2879,'Bone Crusher','1','Oz','Champagne'),(2878,'Bone Crusher','1','Oz','Cranberry Juice'),(2875,'Bone Crusher','1/2','Oz','Gin'),(2874,'Bone Crusher','1/2','Oz','Rum'),(2876,'Bone Crusher','1/2','Oz','Triple Sec'),(2877,'Bone Crusher','2','Oz','Sweet & Sour Mix 1'),(4658,'Boneless Hot Wings','1','g','Parsley (Chopped)'),(4656,'Boneless Hot Wings','100','g','Celery'),(4655,'Boneless Hot Wings','160','g','Chicken Chunks'),(4659,'Boneless Hot Wings','3','g','Spring Onion & Chilli Mix'),(4657,'Boneless Hot Wings','30','ml','Blue Cheese Sauce'),(4660,'Boneless Hot Wings','30','ml','Franks RedHot Sauce'),(4664,'Boneless Hot Wings (to Share)','1','g','Parsley (Chopped)'),(4662,'Boneless Hot Wings (to Share)','133','g','Celery'),(4665,'Boneless Hot Wings (to Share)','3','g','Spring Onion & Chilli Mix'),(4663,'Boneless Hot Wings (to Share)','30','ml','Blue Cheese Sauce'),(4661,'Boneless Hot Wings (to Share)','340','g','Chicken Chunks'),(4666,'Boneless Hot Wings (to Share)','60','g','Franks RedHot Sauce'),(4066,'Bora Bora Brew','1/2','Oz','Grenadine'),(4064,'Bora Bora Brew','2','Oz','Pineapple Juice'),(4065,'Bora Bora Brew','4','Oz','Ginger Ale'),(2881,'Boston Tea Party','1/2','Oz','Gin'),(2880,'Boston Tea Party','1/2','Oz','Rum'),(2882,'Boston Tea Party','1/2','Oz','Vodka'),(2884,'Boston Tea Party','1/4','Oz','Grand Marnier'),(2883,'Boston Tea Party','1/4','Oz','Tia Maria'),(2885,'Boston Tea Party','2','Oz','Sweet & Sour Mix 1'),(2886,'Boston Tea Party','with',' ','Coke Zero'),(2887,'Boston Top Shelf','1/2','Oz','Dark Rum'),(2889,'Boston Top Shelf','1/2','Oz','Premium Vodka'),(2888,'Boston Top Shelf','1/2','Oz','The Botanist Islay Dry Gin'),(2891,'Boston Top Shelf','1/4','Oz','Grand Marnier'),(2890,'Boston Top Shelf','1/4','Oz','Tia Maria'),(2892,'Boston Top Shelf','2','Oz','Sweet & Sour Mix 1'),(2893,'Boston Top Shelf','with',' ','Coke Zero'),(1869,'Brain Haemorrhage','1','Dash','Grenadine'),(1868,'Brain Haemorrhage','3/4','Oz','Baileys Irish Cream'),(1867,'Brain Haemorrhage','3/4','Oz','Peach Schnapps'),(4416,'Bramble','1 1/2','Oz','Gin'),(4418,'Bramble','1/2','Oz','Gomme'),(4419,'Bramble','3/4','Oz','Crème de Mûre'),(4417,'Bramble','3/4','Oz','Lemon Mix'),(260,'Bramble (Legacy)','1 1/4','Oz','Gin'),(263,'Bramble (Legacy)','1/2','Oz','Crème de Mûre'),(262,'Bramble (Legacy)','1/2','Oz','Gomme'),(261,'Bramble (Legacy)','3/4','Oz','Lemon Juice'),(2894,'Brandy Alexander (Frozen)','1','Oz','Brandy'),(2895,'Brandy Alexander (Frozen)','1','Oz','Dark Cacao'),(2896,'Brandy Alexander (Frozen)','1','Oz','Half & Half'),(2898,'Brandy Alexander (Frozen)','1/2','Scoop','Crushed Ice'),(2897,'Brandy Alexander (Frozen)','2','Scoops','Vanilla Ice Cream'),(2905,'Brandy Alexander (Up)','1','Oz','Half & Half'),(2903,'Brandy Alexander (Up)','3/4','Oz','Brandy'),(2904,'Brandy Alexander (Up)','3/4','Oz','Dark Cacao'),(272,'Brandy Chocolate Alexander','3/4','Oz','Brandy'),(273,'Brandy Chocolate Alexander','3/4','Oz','Dark Cacao'),(274,'Brandy Chocolate Alexander','with',' ','Hot Chocolate'),(2908,'Brandy Ice','1','Oz','Half & Half'),(2906,'Brandy Ice','1 1/4','Oz','Brandy'),(2907,'Brandy Ice','1/2','Oz','Vanilla Syrup'),(2910,'Brandy Ice','1/2','Scoop','Crushed Ice'),(2909,'Brandy Ice','2','Scoops','Vanilla Ice Cream'),(2912,'Brandy Milk Punch','1','Oz','Dark Cacao'),(2911,'Brandy Milk Punch','1 1/4','Oz','Brandy'),(2913,'Brandy Milk Punch','1/2','Oz','Simple Syrup'),(2915,'Brandy Milk Punch','1/2','Oz','Vanilla Syrup'),(2914,'Brandy Milk Punch','4','Oz','Milk'),(285,'Brave Bull','1 1/2','Oz','Tequila'),(286,'Brave Bull','3/4','Oz','Kahlua'),(2920,'Brazillian Monk','1/2','Scoop','Crushed Ice'),(2919,'Brazillian Monk','2','Scoops','Vanilla Ice Cream'),(2918,'Brazillian Monk','3/4','Oz','Dark Cacao'),(2916,'Brazillian Monk','3/4','Oz','Frangelico'),(2917,'Brazillian Monk','3/4','Oz','Kahlua'),(2921,'Bronx Cocktail','1','Oz','Gin'),(2924,'Bronx Cocktail','1','Oz','Orange Juice'),(2923,'Bronx Cocktail','1/2','Oz','Dry Vermouth'),(2922,'Bronx Cocktail','1/2','Oz','Sweet Vermouth'),(4525,'Brooklyn','25','ml','Brooklyn'),(4527,'Brooklyn Serve','1','Bottle of','London Essence Pomelo & Pink Pepper'),(4526,'Brooklyn Serve','1','Oz','Brooklyn'),(4266,'Brooklyn Sling','100','ml','Brooklyn'),(4273,'Brooklyn Sling','25','ml','Grenadine'),(4269,'Brooklyn Sling','250','ml','Sweet & Sour Mix 1'),(4272,'Brooklyn Sling','50','ml','Lime Juice'),(4270,'Brooklyn Sling','50','ml','Orange Juice'),(4271,'Brooklyn Sling','50','ml','Pineapple Juice'),(4267,'Brooklyn Sling','75','ml','Cherry Brandy'),(4268,'Brooklyn Sling','75','ml','Gin'),(4274,'Brooklyn Sling','with',' ','Soda'),(2926,'Burnt Almond','1','Oz','Amaretto'),(2927,'Burnt Almond','1','Oz','Half & Half'),(2925,'Burnt Almond','1','Oz','Kahlua'),(2929,'Burnt Almond','1/2','Scoop','Crushed Ice'),(2928,'Burnt Almond','2','Scoops','Vanilla Ice Cream'),(2935,'Café Gates','1/2',' ','Dark Cacao'),(2936,'Café Gates','1/2',' ','Grand Marnier'),(2934,'Café Gates','1/2',' ','Tia Maria'),(2937,'Café Gates','with',' ','Hot Coffee'),(308,'Café Henry III','1/2','Oz','Grand Marnier'),(305,'Café Henry III','1/2','Oz','Licor 43'),(307,'Café Henry III','1/4','Oz','Brandy'),(306,'Café Henry III','1/4','Oz','Kahlua'),(309,'Café Henry III','with',' ','Hot Coffee'),(310,'Café Nelson','3/4','Oz','Baileys Irish Cream'),(311,'Café Nelson','3/4','Oz','Frangelico'),(312,'Café Nelson','with',' ','Hot Coffee'),(314,'Café Oscar','3/4','Oz','Amaretto'),(313,'Café Oscar','3/4','Oz','Kahlua'),(315,'Café Oscar','with',' ','Hot Coffee'),(317,'Café Reese','1/2','Oz','Baileys Irish Cream'),(318,'Café Reese','1/2','Oz','Tia Maria'),(319,'Café Reese','1/4','Oz','Amaretto'),(316,'Café Reese','1/4','Oz','Kahlua'),(320,'Café Reese','with',' ','Hot Coffee'),(321,'Café Reggae','1/2','Oz','Dark Cacao'),(322,'Café Reggae','1/2','Oz','Gold Rum'),(323,'Café Reggae','1/2','Oz','Tia Maria'),(324,'Café Reggae','with',' ','Hot Coffee'),(2652,'Café Royale','1 1/4','Oz','Brandy'),(2653,'Café Royale','3','Bar Spoons','White Sugar (Granulated)'),(2654,'Café Royale','with',' ','Hot Coffee'),(329,'Café Toledo','1/2','Oz','Chocolate Syrup'),(328,'Café Toledo','3/4','Oz','Baileys Irish Cream'),(327,'Café Toledo','3/4','Oz','Kahlua'),(330,'Café Toledo','with',' ','Hot Coffee'),(2657,'Caipirinha','2','Oz','Cachaça'),(2655,'Caipirinha','3',' ','Lime Slices'),(2656,'Caipirinha','3','Bar Spoons','White Sugar (Granulated)'),(2661,'Caipirinha - Cranberry','1 1/2','Oz','Cachaça'),(2662,'Caipirinha - Cranberry','1/2','Oz','Cranberry Schnapps'),(2659,'Caipirinha - Cranberry','3',' ','Lime Slices'),(2660,'Caipirinha - Cranberry','3','Bar Spoons','White Sugar (Granulated)'),(2658,'Caipirinha - Cranberry','9',' ','Cranberries'),(2666,'Caipirinha - Melon','1 1/2','Oz','Cachaça'),(2667,'Caipirinha - Melon','1/2','Oz','Crème de Cantaloupe'),(2665,'Caipirinha - Melon','1/8',' ','Melon'),(2663,'Caipirinha - Melon','3',' ','Lime Slices'),(2664,'Caipirinha - Melon','3','Bar Spoons','White Sugar (Granulated)'),(2941,'Caipirinha - Raspberry','1 1/2','Oz','Cachaça'),(2942,'Caipirinha - Raspberry','1/2','Oz','Crème de Framboise'),(2939,'Caipirinha - Raspberry','3',' ','Lime Slices'),(2940,'Caipirinha - Raspberry','3','Bar Spoons','White Sugar (Granulated)'),(2938,'Caipirinha - Raspberry','3/4','Oz','Raspberry Pureé'),(2676,'Caipirinha - Strawberry','1 1/2','Oz','Cachaça'),(2677,'Caipirinha - Strawberry','1/2','Oz','Crème de Fraise'),(2674,'Caipirinha - Strawberry','3',' ','Lime Slices'),(2673,'Caipirinha - Strawberry','3',' ','Strawberries'),(2675,'Caipirinha - Strawberry','3','Bar Spoons','White Sugar (Granulated)'),(2680,'Caipiroska','2','Oz','Vodka'),(2678,'Caipiroska','3',' ','Lime Slices'),(2679,'Caipiroska','3','Bar Spoons','White Sugar (Granulated)'),(2650,'Caipiroska - Blackberry','1 1/2','Oz','Vodka'),(2651,'Caipiroska - Blackberry','1/2','Oz','Crème de Mûre'),(2648,'Caipiroska - Blackberry','2',' ','Blackberries'),(2647,'Caipiroska - Blackberry','3',' ','Lime Slices'),(2649,'Caipiroska - Blackberry','3','Bar Spoons','White Sugar (Granulated)'),(2946,'Caipiroska - Raspberry','1 1/2','Oz','Vodka'),(2947,'Caipiroska - Raspberry','1/2','Oz','Crème de Framboise'),(2944,'Caipiroska - Raspberry','3',' ','Lime Slices'),(2945,'Caipiroska - Raspberry','3','Bar Spoons','White Sugar (Granulated)'),(2943,'Caipiroska - Raspberry','3/4','Oz','Raspberry Pureé'),(2689,'Caipiroska - Strawberry','1 1/2','Oz','Vodka'),(2690,'Caipiroska - Strawberry','1/2','Oz','Crème de Fraise'),(2687,'Caipiroska - Strawberry','3',' ','Lime Slices'),(2686,'Caipiroska - Strawberry','3',' ','Strawberries'),(2688,'Caipiroska - Strawberry','3','Bar Spoons','White Sugar (Granulated)'),(2694,'Canada Goose','1',' ','Lemon Squeeze'),(2695,'Canada Goose','1',' ','Lime Squeeze'),(2696,'Canada Goose','1','Oz','Cranberry Juice'),(2693,'Canada Goose','1','Oz','Grey Goose'),(2692,'Canada Goose','1/4','Oz','Amaretto'),(2691,'Canada Goose','1/4','Oz','Cherry Brandy'),(2697,'Canada Goose','3','Bar Spoons','Maple Syrup'),(2952,'Candy Cloud','1','Oz','Milk'),(2948,'Candy Cloud','1 1/4','Oz','Jack Daniels Honey'),(2949,'Candy Cloud','1/2','Oz','Vanilla Vodka'),(2954,'Candy Cloud','1/2','Scoop','Crushed Ice'),(2951,'Candy Cloud','1/4','Oz','Bubblegum Syrup'),(2950,'Candy Cloud','1/4','Oz','Grenadine'),(2953,'Candy Cloud','2','Scoops','Vanilla Ice Cream'),(372,'Cape Codder','1 1/4','Oz','Vodka'),(373,'Cape Codder','3','Oz','Cranberry Juice'),(374,'Cape Codder','with',' ','Soda'),(4286,'Caramel Malt','2','Oz','Caramel Syrup'),(4287,'Caramel Malt','3 1/2','Oz','Milk'),(4289,'Caramel Malt','4','Bar Spoons','Malt'),(4288,'Caramel Malt','5','Scoops','Vanilla Ice Cream'),(2174,'Caramel Milkshake','2','Oz','Caramel Syrup'),(2175,'Caramel Milkshake','3 1/2','Oz','Milk'),(2176,'Caramel Milkshake','5','Scoops','Vanilla Ice Cream'),(2955,'Caribbean Iced Tea','1','Oz','Dark Rum'),(2957,'Caribbean Iced Tea','1/2','Oz','Triple Sec'),(2956,'Caribbean Iced Tea','1/2','Oz','Vodka'),(2958,'Caribbean Iced Tea','2','Oz','Sweet & Sour Mix 1'),(2959,'Caribbean Iced Tea','with',' ','Coke'),(2963,'Champagne Brunch (Frozen)','1','Scoop','Orange Sorbet'),(2962,'Champagne Brunch (Frozen)','1','Scoop','Vanilla Ice Cream'),(2965,'Champagne Brunch (Frozen)','1 1/2','Oz','Champagne'),(2960,'Champagne Brunch (Frozen)','1 1/4','Oz','Grand Marnier'),(2964,'Champagne Brunch (Frozen)','1/2','Scoop','Crushed Ice'),(2961,'Champagne Brunch (Frozen)','2','Oz','Piña Colada Mix'),(2968,'Champagne Brunch (Rocks)','1','Oz','Orange Juice'),(2969,'Champagne Brunch (Rocks)','1 1/2','Oz','Champagne'),(2966,'Champagne Brunch (Rocks)','1 1/4','Oz','Grand Marnier'),(2967,'Champagne Brunch (Rocks)','3','Oz','Piña Colada Mix'),(2698,'Champagne Cocktail','1','Bar Spoon','Demerara Sugar (Granulated)'),(2700,'Champagne Cocktail','1/2','Oz','Brandy'),(2699,'Champagne Cocktail','2','Dashes','Angostura Bitters'),(2701,'Champagne Cocktail','4','Oz','Champagne'),(395,'Chee Chee (Frozen)','1 1/2','Scoops','Crushed Ice'),(393,'Chee Chee (Frozen)','1 1/4','Oz','Vodka'),(394,'Chee Chee (Frozen)','5','Oz','Piña Colada Mix'),(396,'Chee Chee (Rocks)','1 1/4','Oz','Vodka'),(397,'Chee Chee (Rocks)','4','Oz','Piña Colada Mix'),(4067,'Cheeky Ginger','1',' ','Stem Ginger'),(4069,'Cheeky Ginger','1/2','Oz','Agave Syrup'),(4070,'Cheeky Ginger','1/2','Oz','Lime Juice'),(4071,'Cheeky Ginger','1/2','Oz','Vanilla Syrup'),(4068,'Cheeky Ginger','2',' ','Apple Slices'),(4072,'Cheeky Ginger','2','Oz','Apple Juice'),(4073,'Cheeky Ginger','with',' ','Soda'),(4556,'Cheese & Candied Maple Bacon Potato Skins','15','g','Candied Maple Bacon'),(4553,'Cheese & Candied Maple Bacon Potato Skins','3',' ','Half Potato Skins'),(4557,'Cheese & Candied Maple Bacon Potato Skins','30','ml','Sour Cream'),(4554,'Cheese & Candied Maple Bacon Potato Skins','6','g','Fry Seasoning'),(4558,'Cheese & Candied Maple Bacon Potato Skins','6','g','Spring Onion (Sliced)'),(4555,'Cheese & Candied Maple Bacon Potato Skins','60','g','Colby Cheese (Grated)'),(4607,'Cheese & Candied Maple Bacon Potato Skins (to Share)','12','g','Fry Seasoning'),(4608,'Cheese & Candied Maple Bacon Potato Skins (to Share)','120','g','Colby Cheese (Grated)'),(4609,'Cheese & Candied Maple Bacon Potato Skins (to Share)','30','g','Candied Maple Bacon'),(4610,'Cheese & Candied Maple Bacon Potato Skins (to Share)','30','ml','Sour Cream'),(4606,'Cheese & Candied Maple Bacon Potato Skins (to Share)','6',' ','Half Potato Skins'),(4611,'Cheese & Candied Maple Bacon Potato Skins (to Share)','6','g','Spring Onion (Sliced)'),(4635,'Cheese Nachos','2','g','Coriander (Chopped)'),(4627,'Cheese Nachos','20',' ','Cajun Corn (Quartered)'),(4628,'Cheese Nachos','20','g','Colby Cheese (Grated)'),(4629,'Cheese Nachos','20','g','Montery Jack Cheese (Grated)'),(4631,'Cheese Nachos','30','ml','Salsa'),(4633,'Cheese Nachos','30','ml','Sour Cream'),(4630,'Cheese Nachos','42','g','Guacamole'),(4634,'Cheese Nachos','5','g','Spring Onion & Chilli Mix'),(4636,'Cheese Nachos','60','ml','Cheese Sauce'),(4632,'Cheese Nachos','8','g','Green Jalapeño Peppers (Sliced)'),(4644,'Cheese Nachos (to Share)','10','g','Spring Onion & Chilli Mix'),(4646,'Cheese Nachos (to Share)','120','ml','Cheese Sauce'),(4642,'Cheese Nachos (to Share)','16','g','Green Jalapeño Peppers (Sliced)'),(4645,'Cheese Nachos (to Share)','2','g','Coriander (Chopped)'),(4637,'Cheese Nachos (to Share)','35',' ','Cajun Corn (Quartered)'),(4638,'Cheese Nachos (to Share)','40','g','Colby Cheese (Grated)'),(4639,'Cheese Nachos (to Share)','40','g','Montery Jack Cheese (Grated)'),(4643,'Cheese Nachos (to Share)','45','ml','Sour Cream'),(4641,'Cheese Nachos (to Share)','60','g','Salsa'),(4640,'Cheese Nachos (to Share)','84','g','Guacamole'),(2971,'Cherry Chocolate Freeze','1','Oz','Cherry Brandy'),(2973,'Cherry Chocolate Freeze','1','Oz','Chocolate Syrup'),(2972,'Cherry Chocolate Freeze','1','Oz','Dark Cacao'),(2975,'Cherry Chocolate Freeze','1/2','Scoop','Crushed Ice'),(2974,'Cherry Chocolate Freeze','2','Scoops','Vanilla Ice Cream'),(2970,'Cherry Chocolate Freeze','4',' ','Maraschino Cherries (Destemmed)'),(2228,'Cherry Cola','1','Oz','Cherry Syrup'),(2229,'Cherry Cola','with',' ','Coke'),(4290,'Cherry Malt','2','Oz','Cherry Syrup'),(4291,'Cherry Malt','3 1/2','Oz','Milk'),(4293,'Cherry Malt','4','Bar Spoons','Malt'),(4292,'Cherry Malt','6','Scoops','Vanilla Ice Cream'),(4339,'Cherry Malt (Small)','1','Oz','Cherry Syrup'),(4340,'Cherry Malt (Small)','2','Oz','Milk'),(4341,'Cherry Malt (Small)','3','Scoops','Vanilla Ice Cream'),(4342,'Cherry Malt (Small)','4','Bar Spoons','Malt'),(2239,'Cherry Milk','1 1/2','Oz','Cherry Syrup'),(2238,'Cherry Milk','10','Oz','Milk'),(2177,'Cherry Milkshake','2','Oz','Cherry Syrup'),(2178,'Cherry Milkshake','3 1/2','Oz','Milk'),(2179,'Cherry Milkshake','6','Scoops','Vanilla Ice Cream'),(2143,'Cherry Milkshake (Small)','1','Oz','Cherry Syrup'),(2144,'Cherry Milkshake (Small)','2','Oz','Milk'),(2145,'Cherry Milkshake (Small)','3','Scoops','Vanilla Ice Cream'),(2978,'Cherry Rum Fizz','1','Dash','Grenadine'),(2976,'Cherry Rum Fizz','1 1/4','Oz','Rum'),(2977,'Cherry Rum Fizz','1/2','Oz','Cherry Brandy'),(2979,'Cherry Rum Fizz','2','Oz','Sweet & Sour Mix 1'),(2980,'Cherry Rum Fizz','with',' ','Soda'),(412,'Cherry Stag','1/2','Oz','Lemon Juice'),(410,'Cherry Stag','3/4','Oz','Amaretto'),(411,'Cherry Stag','3/4','Oz','Cherry Brandy'),(409,'Cherry Stag','3/4','Oz','Red Stag'),(2982,'Cherry Vanilla','1','Oz','Cherry Brandy'),(2984,'Cherry Vanilla','1','Oz','Cherry Syrup'),(2983,'Cherry Vanilla','1','Oz','White Cacao'),(2986,'Cherry Vanilla','1/2','Scoop','Crushed Ice'),(2985,'Cherry Vanilla','2','Scoops','Vanilla Ice Cream'),(2981,'Cherry Vanilla','4',' ','Maraschino Cherries (Destemmed)'),(4597,'Chicken Potstickers','30','ml','Teriyaki Sauce'),(4596,'Chicken Potstickers','5',' ','Gyoza Chicken'),(4598,'Chicken Potstickers','5','g','Spring Onion & Chilli Mix'),(419,'Chimayo Cocktail','1 1/4','Oz','Gold Tequila'),(420,'Chimayo Cocktail','1/4','Oz','Crème de Cassis'),(421,'Chimayo Cocktail','4','Oz','Apple Juice'),(4242,'Choccylicious','1',' ','Brownie Pieces'),(4243,'Choccylicious','1',' ','Oreos'),(4245,'Choccylicious','1','Bar Spoon','Chocolate Chips'),(4244,'Choccylicious','1','Oz','Chocolate Syrup'),(4241,'Choccylicious','1','Oz','Vanilla Syrup'),(4240,'Choccylicious','2','Oz','Milk'),(4239,'Choccylicious','4','Scoops','Vanilla Ice Cream'),(4301,'Chocolate Chip Malt','4','Bar Spoons','Malt'),(4298,'Chocolate Chip Malt','5','Bar Spoons','Chocolate Chips'),(4299,'Chocolate Chip Malt','5','Oz','Milk'),(4300,'Chocolate Chip Malt','5','Scoops','Vanilla Ice Cream'),(4347,'Chocolate Chip Malt (Small)','12',' ','Chocolate Chips'),(4348,'Chocolate Chip Malt (Small)','2','Oz','Milk'),(4349,'Chocolate Chip Malt (Small)','3','Scoops','Vanilla Ice Cream'),(4350,'Chocolate Chip Malt (Small)','4','Bar Spoons','Malt'),(4231,'Chocolate Chip Milkshake','5','Bar Spoons','Chocolate Chips'),(4232,'Chocolate Chip Milkshake','5','Oz','Milk'),(4233,'Chocolate Chip Milkshake','5','Scoops','Vanilla Ice Cream'),(2149,'Chocolate Chip Milkshake (Small)','12',' ','Chocolate Chips'),(2150,'Chocolate Chip Milkshake (Small)','2','Oz','Milk'),(2151,'Chocolate Chip Milkshake (Small)','3','Scoops','Vanilla Ice Cream'),(2988,'Chocolate Chip Mint','1','Oz','Crème de Menthe'),(2990,'Chocolate Chip Mint','1','Oz','Half & Half'),(2987,'Chocolate Chip Mint','1','Oz','White Cacao'),(2992,'Chocolate Chip Mint','1/2','Scoop','Crushed Ice'),(2989,'Chocolate Chip Mint','12',' ','Chocolate Chips'),(2991,'Chocolate Chip Mint','2','Scoops','Vanilla Ice Cream'),(2230,'Chocolate Cola','1','Oz','Chocolate Syrup'),(2231,'Chocolate Cola','with',' ','Coke'),(428,'Chocolate Covered Cherry','1 1/4','Oz','Cherry Brandy'),(429,'Chocolate Covered Cherry','with',' ','Hot Chocolate'),(2995,'Chocolate Dipped Strawberry','1','Oz','Chocolate Syrup'),(2994,'Chocolate Dipped Strawberry','1 1/4','Oz','Kahlua'),(2997,'Chocolate Dipped Strawberry','1/2','Scoop','Crushed Ice'),(2993,'Chocolate Dipped Strawberry','2','Oz','Strawberry Pureé'),(2996,'Chocolate Dipped Strawberry','2','Scoops','Vanilla Ice Cream'),(4302,'Chocolate Fudge Malt','3 1/2','Oz','Milk'),(4305,'Chocolate Fudge Malt','4','Bar Spoons','Malt'),(4303,'Chocolate Fudge Malt','5','Scoops','Vanilla Ice Cream'),(4304,'Chocolate Fudge Malt','6',' ','Brownie Pieces'),(4351,'Chocolate Fudge Malt (Small)','1',' ','Brownie Pieces'),(4352,'Chocolate Fudge Malt (Small)','2','Oz','Milk'),(4353,'Chocolate Fudge Malt (Small)','3','Scoops','Vanilla Ice Cream'),(4354,'Chocolate Fudge Malt (Small)','4','Bar Spoons','Malt'),(2186,'Chocolate Fudge Milkshake','3 1/2','Oz','Milk'),(2187,'Chocolate Fudge Milkshake','5','Scoops','Vanilla Ice Cream'),(2185,'Chocolate Fudge Milkshake','6',' ','Brownie Pieces'),(2152,'Chocolate Fudge Milkshake (Small)','1',' ','Brownie Pieces'),(2153,'Chocolate Fudge Milkshake (Small)','2','Oz','Milk'),(2154,'Chocolate Fudge Milkshake (Small)','3','Scoops','Vanilla Ice Cream'),(4294,'Chocolate Malt','3','Oz','Chocolate Syrup'),(4295,'Chocolate Malt','3 1/2','Oz','Milk'),(4297,'Chocolate Malt','4','Bar Spoons','Malt'),(4296,'Chocolate Malt','5','Scoops','Vanilla Ice Cream'),(4343,'Chocolate Malt (Small)','1','Oz','Chocolate Syrup'),(4344,'Chocolate Malt (Small)','2','Oz','Milk'),(4345,'Chocolate Malt (Small)','3','Scoops','Vanilla Ice Cream'),(4346,'Chocolate Malt (Small)','4','Bar Spoons','Malt'),(2241,'Chocolate Milk','1 1/2','Oz','Chocolate Syrup'),(2240,'Chocolate Milk','10','Oz','Milk'),(1967,'Chocolate Milk (Small)','150','ml','Milk'),(1968,'Chocolate Milk (Small)','20','ml','Chocolate Syrup'),(2180,'Chocolate Milkshake','3','Oz','Chocolate Syrup'),(2181,'Chocolate Milkshake','3 1/2','Oz','Milk'),(2182,'Chocolate Milkshake','5','Scoops','Vanilla Ice Cream'),(2146,'Chocolate Milkshake (Small)','1','Oz','Chocolate Syrup'),(2147,'Chocolate Milkshake (Small)','2','Oz','Milk'),(2148,'Chocolate Milkshake (Small)','3','Scoops','Vanilla Ice Cream'),(3000,'Chocolate Mint (Frozen)','1','Oz','Chocolate Syrup'),(2999,'Chocolate Mint (Frozen)','1','Oz','Créme de Menthe Blanche'),(2998,'Chocolate Mint (Frozen)','1','Oz','White Cacao'),(3002,'Chocolate Mint (Frozen)','1/2','Scoop','Crushed Ice'),(3001,'Chocolate Mint (Frozen)','2','Scoops','Vanilla Ice Cream'),(440,'Chocolate Mint (Hot)','1 1/4','Oz','Peppermint Schnapps'),(441,'Chocolate Mint (Hot)','with',' ','Hot Chocolate'),(3004,'Chocolate Mint Cookie','1','Oz','Crème de Menthe'),(3006,'Chocolate Mint Cookie','1','Oz','Half & Half'),(3003,'Chocolate Mint Cookie','1','Oz','White Cacao'),(3008,'Chocolate Mint Cookie','1/2','Scoop','Crushed Ice'),(3007,'Chocolate Mint Cookie','2','Scoops','Vanilla Ice Cream'),(3005,'Chocolate Mint Cookie','3',' ','Oreos'),(3011,'Chocolate Monkey','1','Oz','Chocolate Syrup'),(3010,'Chocolate Monkey','1 1/4','Oz','Crème de Banane'),(3009,'Chocolate Monkey','1/2',' ','(Ripe) Banana'),(3013,'Chocolate Monkey','1/2','Scoop','Crushed Ice'),(3012,'Chocolate Monkey','2','Scoops','Vanilla Ice Cream'),(3018,'Citrus Rum Cooler','1','Oz','Orange Juice'),(3014,'Citrus Rum Cooler','1 1/4','Oz','Rum'),(3016,'Citrus Rum Cooler','1/2','Oz','Lime Mix 1'),(3017,'Citrus Rum Cooler','1/2','Oz','Simple Syrup'),(3015,'Citrus Rum Cooler','1/2','Oz','Triple Sec'),(3019,'Citrus Rum Cooler','with',' ','Lemonade'),(4372,'Clean Gin & Tonic','2','Oz','CleanCo Clean G'),(4373,'Clean Gin & Tonic','with',' ','Premium Tonic Water'),(4394,'Clean Margarita','1','Oz','Agave Syrup'),(4392,'Clean Margarita','1','Oz','Lime Mix 1'),(4393,'Clean Margarita','1 1/2','Oz','Orange Juice'),(4391,'Clean Margarita','2','Oz','CleanCo Clean T'),(4387,'Clean Mojito','1/2','Oz','Demerara Syrup'),(4389,'Clean Mojito','1/2','Oz','Lime Mix 1'),(4385,'Clean Mojito','12 to 15',' ','Mint Leaves'),(4388,'Clean Mojito','2','Oz','CleanCo Clean R'),(4386,'Clean Mojito','3',' ','Lime Slices'),(4390,'Clean Mojito','with',' ','Soda'),(4421,'Clean Paloma','1','Oz','Grapefruit Juice'),(4422,'Clean Paloma','1/2','Oz','Agave Syrup'),(4420,'Clean Paloma','2','Oz','CleanCo Clean T'),(4423,'Clean Paloma','3','Oz','Sanpellegrino Pompelmo'),(4424,'Clean Paloma','3/4','Oz','Grenadine'),(4375,'Clean Piña Colada','1','Oz','Gomme'),(4374,'Clean Piña Colada','1 1/2','Oz','CleanCo Clean R'),(4376,'Clean Piña Colada','1 1/2','Oz','Pineapple Juice'),(4377,'Clean Piña Colada','1 1/4','Oz','Cream of Coconut'),(4379,'Clean Piña Colada','3/4','Scoop','Crushed Ice'),(4378,'Clean Piña Colada','6',' ','Pineapple Chunks'),(3021,'Cocobanana','1 1/4','Oz','Amaretto'),(3020,'Cocobanana','1/2',' ','(Ripe) Banana'),(3024,'Cocobanana','1/2','Scoop','Crushed Ice'),(3022,'Cocobanana','2','Oz','Piña Colada Mix'),(3023,'Cocobanana','2','Scoops','Vanilla Ice Cream'),(4306,'Coconut Malt','3','Oz','Cream of Coconut'),(4307,'Coconut Malt','3 1/2','Oz','Milk'),(4309,'Coconut Malt','4','Bar Spoons','Malt'),(4308,'Coconut Malt','5','Scoops','Vanilla Ice Cream'),(4355,'Coconut Malt (Small)','1','Oz','Cream of Coconut'),(4356,'Coconut Malt (Small)','2','Oz','Milk'),(4357,'Coconut Malt (Small)','3','Scoops','Vanilla Ice Cream'),(4358,'Coconut Malt (Small)','4','Bar Spoons','Malt'),(2243,'Coconut Milk','1 1/2','Oz','Cream of Coconut'),(2242,'Coconut Milk','10','Oz','Milk'),(2188,'Coconut Milkshake','3','Oz','Cream of Coconut'),(2189,'Coconut Milkshake','3 1/2','Oz','Milk'),(2190,'Coconut Milkshake','5','Scoops','Vanilla Ice Cream'),(2155,'Coconut Milkshake (Small)','1','Oz','Cream of Coconut'),(2156,'Coconut Milkshake (Small)','2','Oz','Milk'),(2157,'Coconut Milkshake (Small)','3','Scoops','Vanilla Ice Cream'),(4310,'Coffee Malt','1 1/2','Oz','Chilled Coffee'),(4311,'Coffee Malt','3 1/2','Oz','Milk'),(4313,'Coffee Malt','4','Bar Spoons','Malt'),(4312,'Coffee Malt','5','Scoops','Vanilla Ice Cream'),(2191,'Coffee Milkshake','1 1/2','Oz','Chilled Coffee'),(2192,'Coffee Milkshake','3 1/2','Oz','Milk'),(2193,'Coffee Milkshake','5','Scoops','Vanilla Ice Cream'),(2233,'Cola Float','1','Scoop','Vanilla Ice Cream'),(2232,'Cola Float','6','Oz','Coke'),(2284,'Cold Brew Coffee Mix','18','Oz','Chilled Coffee'),(2286,'Cold Brew Coffee Mix','4','Dashes','Chocolate Bitters'),(2285,'Cold Brew Coffee Mix','4','Oz','Gomme'),(464,'Collins','1 1/4','Oz','Triple Sec'),(465,'Collins','3','Oz','Sweet & Sour Mix 1'),(466,'Collins','with',' ','Soda'),(3026,'Colorado Bulldog','1','Oz','Kahlua'),(3025,'Colorado Bulldog','1 1/4','Oz','Vodka'),(3027,'Colorado Bulldog','2','Oz','Half & Half'),(3028,'Colorado Bulldog','with',' ','Coke Zero'),(2353,'Comfortabull','1 1/4','Oz','Southern Comfort'),(2354,'Comfortabull','1/2','Oz','Amaretto'),(2355,'Comfortabull','1/4','Oz','Lime Mix 1'),(2356,'Comfortabull','2','Oz','Cranberry Juice'),(2357,'Comfortabull','with',' ','Red Bull Sugar Free'),(3029,'Comfortabull (Legacy)','1 1/4','Oz','Southern Comfort'),(3030,'Comfortabull (Legacy)','1/2','Oz','Amaretto'),(3031,'Comfortabull (Legacy)','1/4','Oz','Lime Cordial'),(3032,'Comfortabull (Legacy)','2','Oz','Cranberry Juice'),(3033,'Comfortabull (Legacy)','with',' ','Red Bull'),(476,'Cool Breeze','1 1/4','Oz','Tequila'),(477,'Cool Breeze','1/2','Oz','Crème de Cantaloupe'),(478,'Cool Breeze','3','Oz','Cranberry Juice'),(3036,'Cosmopolitan - Blackcurrant','1','Oz','Cranberry Juice'),(3034,'Cosmopolitan - Blackcurrant','1 1/2','Oz','Blackcurrant Vodka'),(3035,'Cosmopolitan - Blackcurrant','1/2','Oz','Triple Sec'),(3037,'Cosmopolitan - Blackcurrant','3',' ','Lime Squeezes'),(3040,'Cosmopolitan (Cocktail)','1','Oz','Cranberry Juice'),(3038,'Cosmopolitan (Cocktail)','1 1/2','Oz','Citrus Vodka'),(3039,'Cosmopolitan (Cocktail)','1/2','Oz','Triple Sec'),(3041,'Cosmopolitan (Cocktail)','3',' ','Lime Squeezes'),(3044,'Cranberry Cooler','1','Oz','Orange Juice'),(3042,'Cranberry Cooler','1 1/4','Oz','Amaretto'),(3043,'Cranberry Cooler','3','Oz','Cranberry Juice'),(4074,'Cranberry Fizz','2','Oz','Cranberry Juice'),(4075,'Cranberry Fizz','2','Oz','Sweet & Sour Mix 1'),(4076,'Cranberry Fizz','with',' ','Soda'),(4314,'Creamsicle Malt','1','Oz','Vanilla Syrup'),(4315,'Creamsicle Malt','1','Scoops','Orange Sorbet'),(4316,'Creamsicle Malt','3','Oz','Milk'),(4317,'Creamsicle Malt','3','Scoops','Vanilla Ice Cream'),(4318,'Creamsicle Malt','4','Bar Spoons','Malt'),(4359,'Creamsicle Malt (Small)','1','Scoop','Orange Sorbet'),(4360,'Creamsicle Malt (Small)','1','Scoops','Vanilla Ice Cream'),(4361,'Creamsicle Malt (Small)','1/2','Oz','Vanilla Syrup'),(4362,'Creamsicle Malt (Small)','2','Oz','Milk'),(4363,'Creamsicle Malt (Small)','4','Bar Spoons','Malt'),(2194,'Creamsicle Milkshake','1','Oz','Vanilla Syrup'),(2197,'Creamsicle Milkshake','1','Scoops','Orange Sorbet'),(2195,'Creamsicle Milkshake','3','Oz','Milk'),(2196,'Creamsicle Milkshake','3','Scoops','Vanilla Ice Cream'),(2161,'Creamsicle Milkshake (Small)','1','Scoop','Orange Sorbet'),(2160,'Creamsicle Milkshake (Small)','1','Scoops','Vanilla Ice Cream'),(2158,'Creamsicle Milkshake (Small)','1/2','Oz','Vanilla Syrup'),(2159,'Creamsicle Milkshake (Small)','2','Oz','Milk'),(490,'Cuba Libre','25','ml','Rum'),(491,'Cuba Libre','with',' ','Coke Zero'),(4722,'Cupid\'s Cocktail','1/2','Oz','The Botanist Islay Dry Gin'),(4721,'Cupid\'s Cocktail','2','Oz','Prosecco'),(4723,'Cupid\'s Cocktail','200','ml','London Essence Blood Orange & Elderflower'),(3071,'Daiquiri - (Frozen)','1','Oz','Simple Syrup'),(3072,'Daiquiri - (Frozen)','1 1/2','Scoops','Crushed Ice'),(3068,'Daiquiri - (Frozen)','1 1/4','Oz','Rum'),(3069,'Daiquiri - (Frozen)','1/2','Oz','Lime Cordial'),(3070,'Daiquiri - (Frozen)','2','Oz','Lime Mix 1'),(3074,'Daiquiri - (Rocks)','1','Oz','Lime Mix 1'),(3075,'Daiquiri - (Rocks)','1','Oz','Simple Syrup'),(3073,'Daiquiri - (Rocks)','1 1/4','Oz','Rum'),(3077,'Daiquiri - (Up)','1','Oz','Lime Mix 1'),(3078,'Daiquiri - (Up)','1','Oz','Simple Syrup'),(3076,'Daiquiri - (Up)','1 1/4','Oz','Rum'),(3049,'Daiquiri - Banana','1','Oz','Simple Syrup'),(3050,'Daiquiri - Banana','1 1/2','Scoops','Crushed Ice'),(3046,'Daiquiri - Banana','1 1/4','Oz','Rum'),(3045,'Daiquiri - Banana','1/2',' ','(Ripe) Banana'),(3047,'Daiquiri - Banana','1/2','Oz','Crème de Banane'),(3048,'Daiquiri - Banana','3/4','Oz','Lime Mix 1'),(2448,'Daiquiri - Bubblegum','1','Oz','Bubblegum Syrup'),(2452,'Daiquiri - Bubblegum','1','Oz','Gomme'),(2453,'Daiquiri - Bubblegum','1 1/2','Scoops','Crushed Ice'),(2449,'Daiquiri - Bubblegum','1 1/4','Oz','Rum'),(2450,'Daiquiri - Bubblegum','1/2','Oz','Grenadine'),(2451,'Daiquiri - Bubblegum','3/4','Oz','Lime Mix 1'),(3058,'Daiquiri - Bubblegum (Legacy)','1','Oz','Bubblegum Syrup'),(3060,'Daiquiri - Bubblegum (Legacy)','1','Oz','Simple Syrup'),(3061,'Daiquiri - Bubblegum (Legacy)','1 1/2','Scoops','Crushed Ice'),(3056,'Daiquiri - Bubblegum (Legacy)','1 1/4','Oz','Rum'),(3057,'Daiquiri - Bubblegum (Legacy)','1/2','Oz','Grenadine'),(3059,'Daiquiri - Bubblegum (Legacy)','3/4','Oz','Lime Mix 1'),(3066,'Daiquiri - Cranberry','1','Oz','Simple Syrup'),(3067,'Daiquiri - Cranberry','1 1/2','Scoops','Crushed Ice'),(3063,'Daiquiri - Cranberry','1 1/4','Oz','Rum'),(3064,'Daiquiri - Cranberry','1/2','Oz','Cranberry Schnapps'),(3062,'Daiquiri - Cranberry','12',' ','Cranberries'),(3065,'Daiquiri - Cranberry','3/4','Oz','Lime Mix 1'),(3083,'Daiquiri - Melon','1','Oz','Simple Syrup'),(3084,'Daiquiri - Melon','1 1/2','Scoops','Crushed Ice'),(3080,'Daiquiri - Melon','1 1/4','Oz','Rum'),(3081,'Daiquiri - Melon','1/2','Oz','Crème de Cantaloupe'),(3079,'Daiquiri - Melon','1/8',' ','Melon'),(3082,'Daiquiri - Melon','3/4','Oz','Lime Mix 1'),(3118,'Daiquiri - Peach','1','Oz','Simple Syrup'),(3119,'Daiquiri - Peach','1 1/2','Scoops','Crushed Ice'),(3115,'Daiquiri - Peach','1 1/4','Oz','Rum'),(3116,'Daiquiri - Peach','1/2','Oz','Peach Schnapps'),(3114,'Daiquiri - Peach','2','Oz','Peach Pureé'),(3117,'Daiquiri - Peach','3/4','Oz','Lime Mix 1'),(3095,'Daiquiri - Pineapple','1','Oz','Simple Syrup'),(3096,'Daiquiri - Pineapple','1 1/2','Scoops','Crushed Ice'),(3092,'Daiquiri - Pineapple','1 1/4','Oz','Rum'),(3093,'Daiquiri - Pineapple','1/2','Oz','Pineapple Juice'),(3091,'Daiquiri - Pineapple','12',' ','Pineapple Chunks'),(3094,'Daiquiri - Pineapple','3/4','Oz','Lime Mix 1'),(3102,'Daiquiri - Raspberry','1','Oz','Raspberry Pureé'),(3106,'Daiquiri - Raspberry','1','Oz','Simple Syrup'),(3107,'Daiquiri - Raspberry','1 1/2','Scoops','Crushed Ice'),(3103,'Daiquiri - Raspberry','1 1/4','Oz','Rum'),(3104,'Daiquiri - Raspberry','1/2','Oz','Crème de Framboise'),(3105,'Daiquiri - Raspberry','3/4','Oz','Lime Mix 1'),(2314,'Daiquiri - Strawberry','1','Scoop','Crushed Ice'),(2310,'Daiquiri - Strawberry','1 1/2','Oz','Rum'),(2312,'Daiquiri - Strawberry','1/4','Oz','Lime Mix 1'),(2313,'Daiquiri - Strawberry','3','Oz','Strawberry Pureé'),(2311,'Daiquiri - Strawberry','3/4','Oz','Crème de Fraise'),(3112,'Daiquiri - Strawberry (Legacy)','1','Oz','Simple Syrup'),(3113,'Daiquiri - Strawberry (Legacy)','1 1/2','Scoops','Crushed Ice'),(3109,'Daiquiri - Strawberry (Legacy)','1 1/4','Oz','Rum'),(3110,'Daiquiri - Strawberry (Legacy)','1/2','Oz','Crème de Fraise'),(3108,'Daiquiri - Strawberry (Legacy)','2','Oz','Strawberry Pureé'),(3111,'Daiquiri - Strawberry (Legacy)','3/4','Oz','Lime Mix 1'),(4533,'Death\'s Door Serve','1','Bottle of','Fentimans Connoisseurs Tonic Water'),(4532,'Death\'s Door Serve','1','Oz','Death\'s Door'),(3121,'Dirty Mother','1','Oz','Kahlua'),(3120,'Dirty Mother','1 1/4','Oz','Vodka'),(3122,'Dirty Mother','3','Oz','Half & Half'),(548,'Downhill Racer','1 1/4','Oz','Rum'),(549,'Downhill Racer','1/2','Oz','Amaretto'),(550,'Downhill Racer','3','Oz','Pineapple Juice'),(3125,'Dreamsicle','1','Oz','Half & Half'),(3123,'Dreamsicle','1','Oz','Triple Sec'),(3124,'Dreamsicle','1','Oz','White Cacao'),(3127,'Dreamsicle','1','Scoop','Orange Sorbet'),(3126,'Dreamsicle','1','Scoop','Vanilla Ice Cream'),(3128,'Dreamsicle','1/2','Scoop','Crushed Ice'),(4447,'Driving Home for Christmas','1/4','Oz','Grenadine'),(4446,'Driving Home for Christmas','3/4','Oz','Seedlip Spice 94'),(4448,'Driving Home for Christmas','9','Oz','Ginger Beer'),(4449,'Driving Home for Christmas','with',' ','Soda'),(3132,'Dusk Till Dawn','1','Oz','Black Vodka'),(3129,'Dusk Till Dawn','1/2','Oz','Grenadine'),(3131,'Dusk Till Dawn','3','Oz','Passion Fruit Juice'),(3130,'Dusk Till Dawn','3/4','Oz','Apple Schnapps'),(561,'Dyevitchka','1 1/4','Oz','Vodka'),(564,'Dyevitchka','1/2','Oz','Pineapple Juice'),(562,'Dyevitchka','1/2','Oz','Triple Sec'),(563,'Dyevitchka','2 1/2','Oz','Sweet & Sour Mix 1'),(1871,'E.T.','1/2','Oz','Baileys Irish Cream'),(1870,'E.T.','1/2','Oz','Crème de Cantaloupe'),(1872,'E.T.','1/2','Oz','Vodka'),(565,'El Diablo','1 1/4','Oz','Tequila'),(566,'El Diablo','1/2','Oz','Crème de Cassis'),(568,'El Diablo','1/2','Oz','Gomme'),(567,'El Diablo','1/2','Oz','Lime Juice'),(569,'El Diablo','with',' ','Ginger Ale'),(2487,'Elderflower Spritz','1/2','Oz','Elderflower Cordial'),(2486,'Elderflower Spritz','2','Oz','White Wine'),(2488,'Elderflower Spritz','with',' ','Soda'),(3133,'Electric Lemonade','1 1/4','Oz','Vodka'),(3134,'Electric Lemonade','1/2','Oz','Blue Curaçao'),(3135,'Electric Lemonade','2','Oz','Sweet & Sour Mix 1'),(3136,'Electric Lemonade','with',' ','Lemonade'),(574,'Emerald','1 1/2','Oz','Brandy'),(575,'Emerald','3/4','Oz','Crème de Menthe'),(2338,'English Garden','1/4','Oz','Gomme'),(2339,'English Garden','1/4','Oz','Lemon Mix'),(2337,'English Garden','2','Oz','Apple Juice'),(2335,'English Garden','3/4','Oz','Elderflower Gin'),(2336,'English Garden','3/4','Oz','Rhubarb Vodka'),(3137,'English Garden (Legacy)','1 1/4','Oz','Gin'),(3138,'English Garden (Legacy)','1/2','Oz','Elderflower Cordial'),(3139,'English Garden (Legacy)','2','Oz','Apple Juice'),(3140,'English Garden (Legacy)','2','Oz','Cranberry Juice'),(2309,'Espresso Martini','1','ml','Ms. Better\'s Bitters Foamer'),(2306,'Espresso Martini','1','Oz','Kahlua'),(2308,'Espresso Martini','1 1/2','Oz','Cold Brew Coffee Mix'),(2305,'Espresso Martini','1 1/2','Oz','Vanilla Vodka'),(2307,'Espresso Martini','1/2','Oz','Licor 43'),(3141,'Evita Cocktail','1','Oz','Crème de Cantaloupe'),(3142,'Evita Cocktail','1','Oz','Vodka'),(3144,'Evita Cocktail','1 1/2','Oz','Sweet & Sour Mix 1'),(3145,'Evita Cocktail','1 1/2','Scoops','Crushed Ice'),(3143,'Evita Cocktail','2 1/2','Oz','Orange Juice'),(4019,'Fantastic Gymnastic','1/2','Oz','Honey'),(4020,'Fantastic Gymnastic','1/2','Scoop','Crushed Ice'),(4018,'Fantastic Gymnastic','2','Oz','Apple Juice'),(4017,'Fantastic Gymnastic','3/4',' ','(Ripe) Seedless Apple'),(2398,'Fiesta Havana','1',' ','Lime Slice'),(2397,'Fiesta Havana','1',' ','Orange Slice'),(2403,'Fiesta Havana','1','Oz','Orange Juice'),(2401,'Fiesta Havana','1','Oz','Triple Sec'),(2399,'Fiesta Havana','1 1/4','Oz','Rum'),(2404,'Fiesta Havana','1/2','Oz','Demerara Syrup'),(2400,'Fiesta Havana','1/2','Oz','White Cacao'),(2402,'Fiesta Havana','1/4','Oz','St Remy XO'),(2702,'Fiesta Havana (Legacy)','1',' ','Orange Slice'),(2705,'Fiesta Havana (Legacy)','1 1/4','Oz','Aged Rum'),(2707,'Fiesta Havana (Legacy)','1/2','Oz','Dark Cacao'),(2706,'Fiesta Havana (Legacy)','1/2','Oz','Grand Marnier'),(2703,'Fiesta Havana (Legacy)','3',' ','Lime Slices'),(2704,'Fiesta Havana (Legacy)','3','Bar Spoons','White Sugar (Granulated)'),(3146,'Fire Eater','1 1/4','Oz','Pepper Vodka'),(3148,'Fire Eater','2','Oz','Cranberry Juice'),(3147,'Fire Eater','2','Oz','Orange Juice'),(596,'Fizz Pop','1 1/2','Oz','Cranberry Juice'),(597,'Fizz Pop','1 1/2','Oz','Sweet & Sour Mix 1'),(593,'Fizz Pop','3/4','Oz','Amaretto'),(595,'Fizz Pop','3/4','Oz','Chambord'),(594,'Fizz Pop','3/4','Oz','Crème de Banane'),(4450,'Fizzmas Sparkle','1/2','Oz','Chambord'),(4451,'Fizzmas Sparkle','with',' ','Prosecco'),(2498,'Flaming Rose','1/2','Oz','Lime Mix 1'),(2496,'Flaming Rose','1/2','Oz','Seedlip Spice 94'),(2497,'Flaming Rose','3/4','Oz','Watermelon Syrup'),(2499,'Flaming Rose','with',' ','Pink Rhubarb Tonic'),(1873,'Flugle Binder','1','Oz','Chambord'),(1874,'Flugle Binder','1/2','Oz','Cinnamon Schnapps'),(3151,'Freddie','1','Dash','Elderflower Cordial'),(3150,'Freddie','1','Oz','Cranberry Juice'),(3149,'Freddie','1 1/2','Oz','Vodka'),(3152,'Freddie','with',' ','Red Bull'),(3154,'French 75 (Brandy)','1 1/2','Oz','Sweet & Sour Mix 1'),(3153,'French 75 (Brandy)','1 1/4','Oz','Brandy'),(3155,'French 75 (Brandy)','with',' ','Champagne'),(606,'French 75 (Gin)','1 1/2','Oz','Sweet & Sour Mix 1'),(605,'French 75 (Gin)','1 1/4','Oz','Gin'),(607,'French 75 (Gin)','with',' ','Champagne'),(3158,'French Martini','1','Oz','Pineapple Juice'),(3156,'French Martini','1 1/2','Oz','Premium Vodka'),(3157,'French Martini','1/2','Oz','Chambord'),(4259,'French Superstar Martini','100','ml','Raspberry Pureé'),(4255,'French Superstar Martini','150','ml','Vodka'),(4257,'French Superstar Martini','25','ml','Vanilla Syrup'),(4258,'French Superstar Martini','400','ml','Pineapple Juice'),(4256,'French Superstar Martini','50','ml','Chambord'),(4078,'Fresh as a Cucumber','1/2','Oz','Agave Syrup'),(4080,'Fresh as a Cucumber','1/2','Oz','Elderflower Cordial'),(4079,'Fresh as a Cucumber','1/2','Oz','Lemon Juice'),(4081,'Fresh as a Cucumber','2','Oz','Cranberry Juice'),(4077,'Fresh as a Cucumber','3',' ','Cucumber Sticks'),(4082,'Fresh as a Cucumber','with',' ','Soda'),(3161,'Friar Tuck','1','Oz','Half & Half'),(3159,'Friar Tuck','1 1/2','Oz','Frangelico'),(3160,'Friar Tuck','3/4','Oz','Dark Cacao'),(2280,'Friday\'s Foam','100','ml','Lemon Juice'),(2281,'Friday\'s Foam','100','ml','Lime Juice'),(2283,'Friday\'s Foam','2','Sachets','Egg White Powder'),(2282,'Friday\'s Foam','200','ml','Agave Syrup'),(3162,'Friday\'s Freeze','1 1/4','Oz','Vodka'),(3165,'Friday\'s Freeze','1/2','Scoop','Crushed Ice'),(3164,'Friday\'s Freeze','2','Scoops','Orange Sorbet'),(3163,'Friday\'s Freeze','3','Oz','Orange Juice'),(3166,'Friday\'s Frozen Tea','1/2','Oz','Bourbon Whiskey'),(3168,'Friday\'s Frozen Tea','1/2','Oz','Gin'),(3169,'Friday\'s Frozen Tea','1/2','Oz','Triple Sec'),(3167,'Friday\'s Frozen Tea','1/2','Oz','Vodka'),(3170,'Friday\'s Frozen Tea','2','Oz','Sweet & Sour Mix 1'),(3171,'Friday\'s Frozen Tea','with',' ','Coke Zero'),(3173,'Friday\'s Gibson (Rocks) (Gin)','1','Dash','Dry Vermouth'),(3172,'Friday\'s Gibson (Rocks) (Gin)','2','Oz','Gin'),(3175,'Friday\'s Gibson (Rocks) (Vodka)','1','Dash','Dry Vermouth'),(3174,'Friday\'s Gibson (Rocks) (Vodka)','2','Oz','Premium Vodka'),(3177,'Friday\'s Gibson (Up) (Gin)','1','Dash','Dry Vermouth'),(3176,'Friday\'s Gibson (Up) (Gin)','2','Oz','Gin'),(3179,'Friday\'s Gibson (Up) (Vodka)','1','Dash','Dry Vermouth'),(3178,'Friday\'s Gibson (Up) (Vodka)','2','Oz','Premium Vodka'),(3181,'Friday\'s Gimlet (Gin)','1/2','Oz','Lime Cordial'),(3180,'Friday\'s Gimlet (Gin)','2','Oz','Gin'),(3183,'Friday\'s Gimlet (Vodka)','1/2','Oz','Lime Cordial'),(3182,'Friday\'s Gimlet (Vodka)','2','Oz','Premium Vodka'),(3185,'Friday\'s Manhattan (Dry)','1','Dash','Angostura Bitters'),(3186,'Friday\'s Manhattan (Dry)','1/2','Oz','Dry Vermouth'),(3184,'Friday\'s Manhattan (Dry)','2','Oz','Four Roses'),(3223,'Friday\'s Manhattan (Perfect)','1','Dash','Angostura Bitters'),(3224,'Friday\'s Manhattan (Perfect)','1/4','Oz','Dry Vermouth'),(3225,'Friday\'s Manhattan (Perfect)','1/4','Oz','Sweet Vermouth'),(3222,'Friday\'s Manhattan (Perfect)','2','Oz','Premium Bourbon Whiskey'),(3227,'Friday\'s Manhattan (Sweet)','1','Dash','Angostura Bitters'),(3228,'Friday\'s Manhattan (Sweet)','1/2','Oz','Sweet Vermouth'),(3226,'Friday\'s Manhattan (Sweet)','2','Oz','Premium Bourbon Whiskey'),(3196,'Friday\'s Martini (Gin) (Dry)','1','Dash','Dry Vermouth'),(3197,'Friday\'s Martini (Gin) (Dry)','2','Oz','Gin'),(3198,'Friday\'s Martini (Gin) (Extra Dry)','1','Dash','Dry Vermouth'),(3199,'Friday\'s Martini (Gin) (Extra Dry)','2','Oz','Gin'),(3200,'Friday\'s Martini (Gin) (Wet)','1','Dash','Dry Vermouth'),(3201,'Friday\'s Martini (Gin) (Wet)','2','Oz','Gin'),(3202,'Friday\'s Martini (Vodka) (Dry)','1','Dash','Dry Vermouth'),(3203,'Friday\'s Martini (Vodka) (Dry)','2','Oz','Premium Vodka'),(3204,'Friday\'s Martini (Vodka) (Extra Dry)','1','Dash','Dry Vermouth'),(3205,'Friday\'s Martini (Vodka) (Extra Dry)','2','Oz','Premium Vodka'),(3206,'Friday\'s Martini (Vodka) (Wet)','1','Dash','Dry Vermouth'),(3207,'Friday\'s Martini (Vodka) (Wet)','2','Oz','Premium Vodka'),(3217,'Friday\'s Old Fashioned','1',' ','Orange Slice'),(3220,'Friday\'s Old Fashioned','1','Bar Spoon','Cherry Syrup'),(3218,'Friday\'s Old Fashioned','1','Bar Spoon','White Sugar (Granulated)'),(3219,'Friday\'s Old Fashioned','1','Dash','Angostura Bitters'),(3221,'Friday\'s Old Fashioned','2','Oz','Premium Bourbon Whiskey'),(3215,'Friday\'s Pisco Sour','1/2','Oz','Gomme'),(3213,'Friday\'s Pisco Sour','2','Oz','Pisco'),(3214,'Friday\'s Pisco Sour','3/4','Oz','Lemon Juice'),(3216,'Friday\'s Pisco Sour','with',' ','Friday\'s Foam'),(3230,'Friday\'s Rob-Roy (Rocks) (Dry)','1','Dash','Orange Bitters'),(3231,'Friday\'s Rob-Roy (Rocks) (Dry)','1/2','Oz','Dry Vermouth'),(3229,'Friday\'s Rob-Roy (Rocks) (Dry)','2','Oz','Premium Scotch Whiskey'),(3233,'Friday\'s Rob-Roy (Rocks) (Perfect)','1','Dash','Orange Bitters'),(3234,'Friday\'s Rob-Roy (Rocks) (Perfect)','1/4','Oz','Dry Vermouth'),(3235,'Friday\'s Rob-Roy (Rocks) (Perfect)','1/4','Oz','Sweet Vermouth'),(3232,'Friday\'s Rob-Roy (Rocks) (Perfect)','2','Oz','Premium Scotch Whiskey'),(3240,'Friday\'s Rob-Roy (Rocks) (Sweet)','1','Dash','Orange Bitters'),(3241,'Friday\'s Rob-Roy (Rocks) (Sweet)','1/2','Oz','Sweet Vermouth'),(3239,'Friday\'s Rob-Roy (Rocks) (Sweet)','2','Oz','Premium Scotch Whiskey'),(3243,'Friday\'s Rob-Roy (Up) (Dry)','1','Dash','Orange Bitters'),(3244,'Friday\'s Rob-Roy (Up) (Dry)','1/2','Oz','Dry Vermouth'),(3242,'Friday\'s Rob-Roy (Up) (Dry)','2','Oz','Premium Scotch Whiskey'),(3246,'Friday\'s Rob-Roy (Up) (Perfect)','1','Dash','Orange Bitters'),(3247,'Friday\'s Rob-Roy (Up) (Perfect)','1/4','Oz','Dry Vermouth'),(3248,'Friday\'s Rob-Roy (Up) (Perfect)','1/4','Oz','Sweet Vermouth'),(3245,'Friday\'s Rob-Roy (Up) (Perfect)','2','Oz','Premium Scotch Whiskey'),(3250,'Friday\'s Rob-Roy (Up) (Sweet)','1','Dash','Orange Bitters'),(3251,'Friday\'s Rob-Roy (Up) (Sweet)','1/2','Oz','Sweet Vermouth'),(3249,'Friday\'s Rob-Roy (Up) (Sweet)','2','Oz','Premium Scotch Whiskey'),(4575,'Fridays\' Wings','1','g','Parsley (Chopped)'),(4572,'Fridays\' Wings','3',' ','Triple Joint Chicken Wings'),(4574,'Fridays\' Wings','3','g','Toasted Sesame & Chilli Flakes Mix'),(4573,'Fridays\' Wings','60','g','Jack Daniels Glaze'),(4614,'Fridays\' Wings (to Share)','3','g','Toasted Sesame & Chilli Flakes Mix'),(4616,'Fridays\' Wings (to Share)','5','g','Parsley (Chopped)'),(4615,'Fridays\' Wings (to Share)','50','g','Spring Onion'),(4612,'Fridays\' Wings (to Share)','6',' ','Triple Joint Chicken Wings'),(4613,'Fridays\' Wings (to Share)','90','g','Jack Daniels Glaze'),(3256,'Frozen Black Irish','1/2','Scoop','Crushed Ice'),(3255,'Frozen Black Irish','2','Scoops','Vanilla Ice Cream'),(3252,'Frozen Black Irish','3/4','Oz','Baileys Irish Cream'),(3253,'Frozen Black Irish','3/4','Oz','Kahlua'),(3254,'Frozen Black Irish','3/4','Oz','Vodka'),(4538,'Frozen Irish Coffee','1',' ','Decaffeinated Coffee Sachet'),(4536,'Frozen Irish Coffee','1','Oz','Milk'),(4534,'Frozen Irish Coffee','1','Oz','Premium Scotch Whiskey'),(4537,'Frozen Irish Coffee','2','Scoops','Vanilla Ice Cream'),(4535,'Frozen Irish Coffee','3/4','Oz','Baileys Irish Cream'),(4539,'Frozen Irish Coffee','3/4','Scoop','Crushed Ice'),(3257,'Frozen Irish Mint','1','Oz','Baileys Irish Cream'),(3259,'Frozen Irish Mint','1','Oz','Half & Half'),(3261,'Frozen Irish Mint','1/2','Scoop','Crushed Ice'),(3260,'Frozen Irish Mint','2','Scoops','Vanilla Ice Cream'),(3258,'Frozen Irish Mint','3/4','Oz','Crème de Menthe'),(3262,'Frozen Key Lime','1 1/4','Oz','Rum'),(3266,'Frozen Key Lime','1/2','Scoop','Crushed Ice'),(3264,'Frozen Key Lime','2','Bar Spoons','White Sugar (Granulated)'),(3263,'Frozen Key Lime','2','Oz','Lime Mix 2'),(3265,'Frozen Key Lime','2','Scoops','Vanilla Ice Cream'),(4085,'Frozen Ocean','1/2','Oz','Simple Syrup'),(4083,'Frozen Ocean','2','Oz','Apple Juice'),(4084,'Frozen Ocean','2','Oz','Sweet & Sour Mix 1'),(4086,'Frozen Ocean','with',' ','Soda'),(704,'Fuzzy Navel','1 1/4','Oz','Peach Schnapps'),(705,'Fuzzy Navel','3','Oz','Orange Juice'),(706,'Fuzzy Navel','with',' ','Soda'),(3267,'Gal Friday','1','Oz','Triple Sec'),(3268,'Gal Friday','1/2','Oz','Licor 43'),(3270,'Gal Friday','2 1/2','Oz','Half & Half'),(3269,'Gal Friday','2 1/2','Oz','Orange Juice'),(3272,'Georgia Peach','1','Oz','Peach Schnapps'),(3271,'Georgia Peach','1 1/4','Oz','Rum'),(3273,'Georgia Peach','3','Oz','Cranberry Juice'),(714,'Gin Buck','25','ml','Gin'),(715,'Gin Buck','with',' ','Ginger Ale'),(3277,'Gin Cucumber Martini','1/2','Oz','Elderflower Cordial'),(3276,'Gin Cucumber Martini','2','Oz','Gin'),(3274,'Gin Cucumber Martini','3',' ','Cucumber Sticks'),(3275,'Gin Cucumber Martini','6',' ','Mint Leaves'),(4452,'Gingle Bells','1 1/2','Oz','Blood Orange Gin'),(4453,'Gingle Bells','1/2','Oz','Chambord'),(4454,'Gingle Bells','with',' ','Premium Tonic Water'),(2493,'Ginless Garden','1',' ','Cucumber Stick'),(2494,'Ginless Garden','1/2','Oz','Seedlip Garden 108'),(2495,'Ginless Garden','with',' ','Pink Rhubarb Tonic'),(720,'Godfather','1 1/2','Oz','Scotch Whiskey'),(721,'Godfather','3/4','Oz','Amaretto'),(722,'Godmother','1 1/2','Oz','Vodka'),(723,'Godmother','3/4','Oz','Amaretto'),(3280,'Gold Cadillac','1','Oz','Half & Half'),(3278,'Gold Cadillac','1','Oz','Licor 43'),(3279,'Gold Cadillac','1','Oz','White Cacao'),(3282,'Gold Cadillac','1/2','Scoop','Crushed Ice'),(3281,'Gold Cadillac','2','Scoops','Vanilla Ice Cream'),(4024,'Gold Medallist','1','Scoop','Crushed Ice'),(4021,'Gold Medallist','1/2',' ','(Ripe) Banana'),(4022,'Gold Medallist','2','Oz','Strawberry Pureé'),(4023,'Gold Medallist','3','Oz','Piña Colada Mix'),(3283,'Golden Dream','1','Oz','Licor 43'),(3286,'Golden Dream','1/2','Oz','Half & Half'),(3285,'Golden Dream','1/2','Oz','Orange Juice'),(3284,'Golden Dream','1/2','Oz','Triple Sec'),(4089,'Golden Lime','1/2','Oz','Simple Syrup'),(4087,'Golden Lime','2','Oz','Lime Mix 1'),(4088,'Golden Lime','2','Oz','Sweet & Sour Mix 1'),(4090,'Golden Lime','with',' ','Soda'),(733,'Goldmine','1/2','Oz','Cinnamon Schnapps'),(734,'Goldmine','4','Oz','Champagne'),(4092,'Grapefruit Blast','1','Oz','Orange Juice'),(4093,'Grapefruit Blast','1/2','Oz','Simple Syrup'),(4091,'Grapefruit Blast','2','Oz','Grapefruit Juice'),(4094,'Grapefruit Blast','with',' ','Soda'),(2479,'Grapefruit Seltzer','1','Oz','Crème de Pamplemousse Rose'),(2480,'Grapefruit Seltzer','with',' ','Sanpellegrino Pompelmo'),(3296,'Grasshopper (Flying)','1/2','Scoop','Crushed Ice'),(3295,'Grasshopper (Flying)','2','Scoops','Vanilla Ice Cream'),(3292,'Grasshopper (Flying)','3/4','Oz','Crème de Menthe'),(3294,'Grasshopper (Flying)','3/4','Oz','Vodka'),(3293,'Grasshopper (Flying)','3/4','Oz','White Cacao'),(3287,'Grasshopper (Frozen)','1','Oz','Crème de Menthe'),(3289,'Grasshopper (Frozen)','1','Oz','Half & Half'),(3288,'Grasshopper (Frozen)','1','Oz','White Cacao'),(3291,'Grasshopper (Frozen)','1/2','Scoop','Crushed Ice'),(3290,'Grasshopper (Frozen)','2','Scoops','Vanilla Ice Cream'),(3299,'Grasshopper (Up)','1','Oz','Half & Half'),(3297,'Grasshopper (Up)','3/4','Oz','Crème de Menthe'),(3298,'Grasshopper (Up)','3/4','Oz','White Cacao'),(753,'Grateful Dead','1/2','Oz','Chambord'),(749,'Grateful Dead','1/2','Oz','Gin'),(748,'Grateful Dead','1/2','Oz','Rum'),(751,'Grateful Dead','1/2','Oz','Triple Sec'),(750,'Grateful Dead','1/2','Oz','Vodka'),(752,'Grateful Dead','3','Oz','Sweet & Sour Mix 1'),(3301,'Green Eyes','1','Oz','Blue Curaçao'),(3300,'Green Eyes','1 1/4','Oz','Vodka'),(3302,'Green Eyes','3','Oz','Orange Juice'),(774,'Gremlin','3','Oz','Sweet & Sour Mix 1'),(776,'Gremlin','3/4','Oz','Black Vodka'),(775,'Gremlin','3/4','Oz','Chambord'),(773,'Gremlin','3/4','Oz','Crème de Cantaloupe'),(763,'Greyhound','1 1/4','Oz','Vodka'),(764,'Greyhound','4','Oz','Grapefruit Juice'),(3304,'Hairy Navel','1','Oz','Peach Schnapps'),(3303,'Hairy Navel','1 1/4','Oz','Vodka'),(3305,'Hairy Navel','3','Oz','Orange Juice'),(4697,'Half Rack Ultimate Ribs with Legendary Glaze','1','g','Parsley (Chopped)'),(4698,'Half Rack Ultimate Ribs with Legendary Glaze','1/2',' ','Corn on the Cobb'),(4692,'Half Rack Ultimate Ribs with Legendary Glaze','1/2',' ','Ultimate Rack of Ribs'),(4699,'Half Rack Ultimate Ribs with Legendary Glaze','10','g','Butter'),(4693,'Half Rack Ultimate Ribs with Legendary Glaze','2','g','Cajun Seasoning'),(4695,'Half Rack Ultimate Ribs with Legendary Glaze','42','g','Coleslaw'),(4696,'Half Rack Ultimate Ribs with Legendary Glaze','5','g','Spring Onion (Sliced)'),(4694,'Half Rack Ultimate Ribs with Legendary Glaze','60','ml','Jack Daniels Glaze'),(3307,'Harlem Mugger','1/2','Oz','Gin'),(3306,'Harlem Mugger','1/2','Oz','Rum'),(3308,'Harlem Mugger','1/2','Oz','Vodka'),(3310,'Harlem Mugger','1/4','Oz','Grand Marnier'),(3309,'Harlem Mugger','1/4','Oz','Tia Maria'),(3311,'Harlem Mugger','2','Oz','Sweet & Sour Mix 1'),(3312,'Harlem Mugger','with',' ','Champagne'),(2348,'Harvey Wallbanger','1 1/2','Oz','Vodka'),(2350,'Harvey Wallbanger','1/2','Oz','Gomme'),(2351,'Harvey Wallbanger','2','Dashes','Orange Bitters'),(2352,'Harvey Wallbanger','3/4','Oz','Licor 43'),(2349,'Harvey Wallbanger','5','Oz','Orange Juice'),(787,'Harvey Wallbanger (Legacy)','1 1/4','Oz','Vodka'),(789,'Harvey Wallbanger (Legacy)','1/2','Oz','Licor 43'),(788,'Harvey Wallbanger (Legacy)','3','Oz','Orange Juice'),(2000,'Hawaiian Island Surfer','1','Scoop','Crushed Ice'),(1999,'Hawaiian Island Surfer','1','Scoop','Orange Sorbet'),(1998,'Hawaiian Island Surfer','5','Oz','Piña Colada Mix'),(1997,'Hawaiian Island Surfer','6',' ','Pineapple Chunks'),(3317,'Haymarket','1','Oz','Crème de Pomme'),(3313,'Haymarket','1','Oz','Raspberry Pureé'),(3316,'Haymarket','1','Oz','Raspberry Vodka'),(3315,'Haymarket','3','Bar Spoons','White Sugar (Granulated)'),(3314,'Haymarket','5',' ','Orange Slices'),(4702,'Heart Cracker','1 1/2','Oz','Spiced Rum'),(4701,'Heart Cracker','1/2','Oz','Grenadine'),(4700,'Heart Cracker','200','ml','Ginger Beer'),(4523,'Hendrick\'s','25','ml','Hendrick\'s'),(795,'Hinky Dink','1/2','Lime of','Lime Juice'),(793,'Hinky Dink','1/2','Oz','Gomme'),(794,'Hinky Dink','1/2','Oz','Orgeat Syrup'),(790,'Hinky Dink','3/4','Oz','Aged Rum'),(791,'Hinky Dink','3/4','Oz','Dark Rum'),(792,'Hinky Dink','3/4','Oz','Grand Marnier'),(2001,'Holiday Isle','1','Oz','Peach Pureé'),(2005,'Holiday Isle','1','Scoop','Orange Sorbet'),(2004,'Holiday Isle','1','Scoop','Vanilla Ice Cream'),(2002,'Holiday Isle','1 1/2','Oz','Piña Colada Mix'),(2003,'Holiday Isle','1 1/2','Oz','Pineapple Juice'),(2006,'Holiday Isle','1/2','Scoop','Crushed Ice'),(3323,'Honey Kist','1','Oz','Milk'),(3319,'Honey Kist','1/2','Oz','Baileys Irish Cream'),(3321,'Honey Kist','1/2','Oz','Caramel Syrup'),(3318,'Honey Kist','1/2','Oz','Jack Daniels Honey'),(3324,'Honey Kist','15',' ','Toffee Popcorn Pieces'),(3322,'Honey Kist','3','Scoops','Vanilla Ice Cream'),(3320,'Honey Kist','3/4','Oz','White Cacao'),(3325,'Honey Kist','3/4','Scoop','Crushed Ice'),(808,'Hot Banana Split','3/4','Oz','Butterscotch Schnapps'),(809,'Hot Banana Split','3/4','Oz','Crème de Banane'),(810,'Hot Banana Split','with',' ','Hot Chocolate'),(811,'Hot Chocolate Mint','1 1/4','Oz','Peppermint Schnapps'),(812,'Hot Chocolate Mint','1/2','Oz','Chocolate Syrup'),(813,'Hot Chocolate Mint','with',' ','Hot Chocolate'),(814,'Hot Irish Chocolate','3/4','Oz','Baileys Irish Cream'),(815,'Hot Irish Chocolate','3/4','Oz','Irish Whiskey'),(816,'Hot Irish Chocolate','with',' ','Hot Chocolate'),(4581,'Hot Wings','1','g','Parsley (Chopped)'),(4576,'Hot Wings','3',' ','Triple Joint Chicken Wings'),(4580,'Hot Wings','3','g','Spring Onion & Chilli Mix'),(4578,'Hot Wings','30','ml','Blue Cheese Sauce'),(4577,'Hot Wings','30','ml','Franks RedHot Sauce'),(4579,'Hot Wings','70','g','Celery'),(4622,'Hot Wings (to Share)','1','g','Parsley (Chopped)'),(4621,'Hot Wings (to Share)','3','g','Spring Onion & Chilli Mix'),(4620,'Hot Wings (to Share)','30','ml','Blue Cheese Sauce'),(4617,'Hot Wings (to Share)','6',' ','Triple Joint Chicken Wings'),(4618,'Hot Wings (to Share)','60','g','Franks RedHot Sauce'),(4619,'Hot Wings (to Share)','70','g','Celery'),(3330,'Hurricane','1','Oz','Orange Juice'),(3326,'Hurricane','1 1/4','Oz','Gold Rum'),(3327,'Hurricane','1/2','Oz','Grenadine'),(3328,'Hurricane','2','Oz','Passion Fruit Juice'),(3329,'Hurricane','2','Oz','Sweet & Sour Mix 1'),(3337,'Ice Cream Sandwich','1','Oz','Half & Half'),(3336,'Ice Cream Sandwich','1 1/4','Oz','White Cacao'),(3339,'Ice Cream Sandwich','1/2','Scoop','Crushed Ice'),(3338,'Ice Cream Sandwich','2','Scoops','Vanilla Ice Cream'),(3335,'Ice Cream Sandwich','3',' ','Oreos'),(3341,'Impeachabull','1','Oz','Peach Schnapps'),(3340,'Impeachabull','1','Oz','Rum'),(3342,'Impeachabull','1 1/2','Oz','Sweet & Sour Mix 1'),(3343,'Impeachabull','with',' ','Red Bull'),(831,'International White Spider','1 1/2','Oz','Vodka'),(832,'International White Spider','3/4','Oz','Créme de Menthe Blanche'),(3344,'Irish \"49\"','1','Oz','Scotch Whiskey Liqueur'),(3345,'Irish \"49\"','1/2','Oz','Baileys Irish Cream'),(3346,'Irish \"49\"','with',' ','Hot Coffee'),(3347,'Irish Coffee','1 1/4','Oz','Irish Whiskey'),(3348,'Irish Coffee','3','Bar Spoons','White Sugar (Granulated)'),(3349,'Irish Coffee','with',' ','Hot Coffee'),(3353,'Irish Coffee Freeze','1/2','Oz','Chilled Coffee'),(3355,'Irish Coffee Freeze','1/2','Scoop','Crushed Ice'),(3354,'Irish Coffee Freeze','2','Scoops','Vanilla Ice Cream'),(3350,'Irish Coffee Freeze','3/4','Oz','Irish Whiskey'),(3352,'Irish Coffee Freeze','3/4','Oz','Kahlua'),(3351,'Irish Coffee Freeze','3/4','Oz','White Cacao'),(1877,'Irish Monk','1/2','Oz','Baileys Irish Cream'),(1876,'Irish Monk','1/2','Oz','Frangelico'),(1875,'Irish Monk','1/2','Oz','Kahlua'),(4460,'Irish Mule','12',' ','Mint Leaves'),(4461,'Irish Mule','2','Oz','Irish Whiskey'),(4459,'Irish Mule','3',' ','Lime Slices'),(4462,'Irish Mule','with',' ','Ginger Beer'),(844,'Irish Nut','1 1/2','Oz','Frangelico'),(845,'Irish Nut','3/4','Oz','Baileys Irish Cream'),(846,'Italian Stinger 1','1 1/2','Oz','Licor 43'),(847,'Italian Stinger 1','3/4','Oz','Créme de Menthe Blanche'),(848,'Italian Stinger 2','1 1/2','Oz','Licor 43'),(849,'Italian Stinger 2','3/4','Oz','Brandy'),(3358,'Jack\'s Southern Belle','1','Dash','Angostura Bitters'),(3357,'Jack\'s Southern Belle','1/2','Oz','Simple Syrup'),(3356,'Jack\'s Southern Belle','12',' ','Mint Leaves'),(3359,'Jack\'s Southern Belle','2','Oz','Jack Daniels Honey'),(3361,'Jamaican Coffee','1','Bar Spoon','White Sugar (Granulated)'),(3360,'Jamaican Coffee','1 1/4','Oz','Tia Maria'),(3362,'Jamaican Coffee','with',' ','Hot Coffee'),(856,'Jamaican Mule','1 1/4','Oz','Spiced Rum'),(857,'Jamaican Mule','with',' ','Ginger Beer'),(3365,'Jamaican Raspberry Colada','1','Oz','Raspberry Pureé'),(3366,'Jamaican Raspberry Colada','1 1/2','Scoops','Crushed Ice'),(3363,'Jamaican Raspberry Colada','1 1/4','Oz','Dark Rum'),(3364,'Jamaican Raspberry Colada','3','Oz','Piña Colada Mix'),(1878,'Jammy Donut','1/2','Oz','Blackcurrant Vodka'),(1879,'Jammy Donut','1/2','Oz','Chambord'),(1880,'Jammy Donut','1/2','Oz','Half & Half'),(3370,'Japanese Slipper','1',' ','Lemon Squeeze'),(3371,'Japanese Slipper','1',' ','Lime Squeeze'),(3369,'Japanese Slipper','1','Oz','Lemon Juice'),(3368,'Japanese Slipper','3/4','Oz','Crème de Cantaloupe'),(3367,'Japanese Slipper','3/4','Oz','Triple Sec'),(3373,'Jelly Bean (Cocktail)','1','Oz','Crème de Mûre'),(3372,'Jelly Bean (Cocktail)','1','Oz','Sambuca'),(3374,'Jelly Bean (Cocktail)','4','Oz','Sweet & Sour Mix 1'),(1881,'Jelly Bean (Shooter)','3/4','Oz','Crème de Mûre'),(1882,'Jelly Bean (Shooter)','3/4','Oz','Sambuca'),(870,'Joan Collins','1 1/4','Oz','Vodka'),(871,'Joan Collins','3','Oz','Sweet & Sour Mix 1'),(872,'Joan Collins','with',' ','Soda'),(873,'John Collins','1 1/4','Oz','Bourbon Whiskey'),(874,'John Collins','3','Oz','Sweet & Sour Mix 1'),(875,'John Collins','with',' ','Soda'),(3378,'Jonny-Oh','1','Bar Spoon','Demerara Sugar (Granulated)'),(3377,'Jonny-Oh','1/2','Oz','Grand Marnier'),(3376,'Jonny-Oh','3/4','Oz','Aged Rum'),(3375,'Jonny-Oh','3/4','Oz','Spiced Rum'),(2430,'June Bug','1','Oz','Crème de Cantaloupe'),(2431,'June Bug','1/2','Oz','Coconut Rum'),(2432,'June Bug','1/2','Oz','Crème de Banane'),(2434,'June Bug','2','Oz','Pineapple Juice'),(2433,'June Bug','2','Oz','Sweet & Sour Mix 2'),(3379,'June Bug (Legacy)','1','Oz','Crème de Cantaloupe'),(3383,'June Bug (Legacy)','1 1/2','Oz','Pineapple Juice'),(3382,'June Bug (Legacy)','1 1/2','Oz','Sweet & Sour Mix 1'),(3380,'June Bug (Legacy)','1/2','Oz','Coconut Rum'),(3381,'June Bug (Legacy)','1/2','Oz','Crème de Banane'),(3386,'Kahlua Banana','1','Oz','Half & Half'),(3385,'Kahlua Banana','1 1/4','Oz','Kahlua'),(3384,'Kahlua Banana','1/2',' ','(Ripe) Banana'),(3388,'Kahlua Banana','1/2','Scoop','Crushed Ice'),(3387,'Kahlua Banana','2','Scoops','Vanilla Ice Cream'),(3389,'Kahlua Bulkhead','1 1/4','Oz','Kahlua'),(3392,'Kahlua Bulkhead','1/2','Scoop','Crushed Ice'),(3391,'Kahlua Bulkhead','2','Scoops','Vanilla Ice Cream'),(3390,'Kahlua Bulkhead','3','Oz','Chilled Coffee'),(3394,'Kahlua Coffee','1','Bar Spoon','White Sugar (Granulated)'),(3393,'Kahlua Coffee','1 1/4','Oz','Kahlua'),(3395,'Kahlua Coffee','with',' ','Hot Coffee'),(3398,'Kahlua Crunch','1','Oz','Half & Half'),(3397,'Kahlua Crunch','1 1/4','Oz','Kahlua'),(3400,'Kahlua Crunch','1/2','Scoop','Crushed Ice'),(3399,'Kahlua Crunch','2','Scoops','Vanilla Ice Cream'),(3396,'Kahlua Crunch','3',' ','Oreos'),(3403,'Kahlua Hummer','1','Oz','Half & Half'),(3401,'Kahlua Hummer','1','Oz','Kahlua'),(3402,'Kahlua Hummer','1','Oz','Rum'),(3405,'Kahlua Hummer','1/2','Scoop','Crushed Ice'),(3404,'Kahlua Hummer','2','Scoops','Vanilla Ice Cream'),(1883,'Kamikaze','1','Oz','Premium Vodka'),(1885,'Kamikaze','1/2','Oz','Lime Cordial'),(1884,'Kamikaze','1/2','Oz','Triple Sec'),(905,'Katinka','1 1/4','Oz','Vodka'),(906,'Katinka','1/2','Oz','Apricot Brandy'),(907,'Katinka','3','Oz','Sweet & Sour Mix 1'),(908,'Keoke Coffee','1/2','Oz','Brandy'),(909,'Keoke Coffee','1/2','Oz','Dark Cacao'),(910,'Keoke Coffee','1/2','Oz','Kahlua'),(911,'Keoke Coffee','with',' ','Hot Coffee'),(916,'Key West Cooler','1 1/2','Oz','Cranberry Juice'),(917,'Key West Cooler','1 1/2','Oz','Orange Juice'),(914,'Key West Cooler','1/2','Oz','Coconut Rum'),(915,'Key West Cooler','1/2','Oz','Crème de Cantaloupe'),(913,'Key West Cooler','1/2','Oz','Peach Schnapps'),(912,'Key West Cooler','1/2','Oz','Vodka'),(4507,'Kids\' Raspberry & Yoghurt Smoothie','1','Oz','Milk'),(4510,'Kids\' Raspberry & Yoghurt Smoothie','1','Oz','Raspberry Pureé'),(4506,'Kids\' Raspberry & Yoghurt Smoothie','1','Scoops','Frozen Yoghurt'),(4508,'Kids\' Raspberry & Yoghurt Smoothie','1/4','Scoop','Crushed Ice'),(4026,'Kids\' Smoothie','1','Oz','Peach Pureé'),(4025,'Kids\' Smoothie','1','Oz','Strawberry Pureé'),(4029,'Kids\' Smoothie','1/2','Scoop','Crushed Ice'),(4028,'Kids\' Smoothie','1/4',' ','(Ripe) Banana'),(4027,'Kids\' Smoothie','2','Oz','Peach Syrup'),(3407,'King Alphonse','1','Oz','Half & Half'),(3406,'King Alphonse','1 1/2','Oz','Dark Cacao'),(921,'Kir','1/2','Oz','Crème de Cassis'),(920,'Kir','250','ml','White Wine'),(4248,'Kookie Monster','2','Bar Spoons','Cookie Dough Pieces'),(4247,'Kookie Monster','2','Oz','Milk'),(4246,'Kookie Monster','4','Scoops','Vanilla Ice Cream'),(925,'Koolaid','1 1/2','Oz','Cranberry Juice'),(924,'Koolaid','1 1/2','Oz','Orange Juice'),(922,'Koolaid','1 1/4','Oz','Crème de Cantaloupe'),(923,'Koolaid','1/2','Oz','Amaretto'),(3409,'Lady Godiva','1 1/4','Oz','Kahlua'),(3410,'Lady Godiva','1/2','Oz','Chocolate Syrup'),(3412,'Lady Godiva','1/2','Scoop','Crushed Ice'),(3408,'Lady Godiva','2','Oz','Strawberry Pureé'),(3411,'Lady Godiva','2','Scoops','Vanilla Ice Cream'),(933,'Laidback Limeade','1/2','Oz','Lime Mix 1'),(934,'Laidback Limeade','1/2','Oz','Simple Syrup'),(931,'Laidback Limeade','3/4','Oz','Jack Daniels'),(932,'Laidback Limeade','3/4','Oz','Triple Sec'),(935,'Laidback Limeade','with',' ','Lemonade'),(3415,'Lemon Chiffon Pie','1','Oz','Lemon Juice'),(3413,'Lemon Chiffon Pie','1','Oz','Rum'),(3414,'Lemon Chiffon Pie','1','Oz','White Cacao'),(3417,'Lemon Chiffon Pie','1/2','Scoop','Crushed Ice'),(3416,'Lemon Chiffon Pie','2','Scoops','Vanilla Ice Cream'),(1886,'Lemon Drop','1','Oz','Vodka'),(1888,'Lemon Drop','1/2','Oz','Lemon Juice'),(1889,'Lemon Drop','1/2','Oz','Simple Syrup'),(1887,'Lemon Drop','1/2','Oz','Triple Sec'),(3422,'Lemon Meringue Pie','1','Dash','Orange Bitters'),(3418,'Lemon Meringue Pie','1 1/2','Oz','Limoncello'),(3420,'Lemon Meringue Pie','1/4','Oz','White Cacao'),(3421,'Lemon Meringue Pie','3/4','Oz','Lemon Juice'),(3419,'Lemon Meringue Pie','3/4','Oz','Triple Sec'),(3423,'Lemon Meringue Pie','with',' ','Friday\'s Foam'),(2293,'Lemon Mix','330','ml','Simple Syrup'),(2292,'Lemon Mix','660','ml','Lemon Juice'),(3426,'Lemonade','1','Lemon of','Lemon Juice'),(3424,'Lemonade','1 1/4','Oz','Vodka'),(3425,'Lemonade','3/4','Oz','Simple Syrup'),(3427,'Lemonade','with',' ','Lemonade'),(4669,'Lightly Spiced Shrimp','1/2',' ','Lemon'),(4671,'Lightly Spiced Shrimp','35','g','Iceberg Lettuce (Shredded)'),(4668,'Lightly Spiced Shrimp','40','ml','Jack Daniels Glaze'),(4667,'Lightly Spiced Shrimp','5',' ','Battered Shrimp'),(4670,'Lightly Spiced Shrimp','5','g','Roquette'),(3432,'Lights of Havana','1','Oz','Soda'),(3430,'Lights of Havana','1 1/2','Oz','Orange Juice'),(3431,'Lights of Havana','1 1/2','Oz','Pineapple Juice'),(3428,'Lights of Havana','1 1/4','Oz','Coconut Rum'),(3429,'Lights of Havana','3/4','Oz','Crème de Cantaloupe'),(2247,'Lime Mix 1','330','ml','Simple Syrup'),(2246,'Lime Mix 1','660','ml','Lime Juice'),(2249,'Lime Mix 2','180','ml','Simple Syrup'),(2248,'Lime Mix 2','730','ml','Lime Juice'),(2250,'Lime Mix 2','90','ml','Lime Cordial'),(3435,'Limeade','1','Lime of','Lime Juice'),(3433,'Limeade','1 1/4','Oz','Vodka'),(3434,'Limeade','3/4','Oz','Simple Syrup'),(3436,'Limeade','with',' ','Lemonade'),(1892,'Liquid Bubblegum','1/2','Oz','Baileys Irish Cream'),(1890,'Liquid Bubblegum','1/2','Oz','Blue Curaçao'),(1891,'Liquid Bubblegum','1/2','Oz','Crème de Banane'),(3438,'Long Beach Iced Tea','1/2','Oz','Gin'),(3437,'Long Beach Iced Tea','1/2','Oz','Rum'),(3440,'Long Beach Iced Tea','1/2','Oz','Triple Sec'),(3439,'Long Beach Iced Tea','1/2','Oz','Vodka'),(3441,'Long Beach Iced Tea','2','Oz','Sweet & Sour Mix 1'),(3442,'Long Beach Iced Tea','with',' ','Cranberry Juice'),(3443,'Long Berry','1 1/4','Oz','Raspberry Vodka'),(3445,'Long Berry','2','Oz','Blueberry Juice'),(3444,'Long Berry','2','Oz','Cranberry Juice'),(2387,'Long Island Iced Tea','1','ml','Ms. Better\'s Bitters Foamer'),(2383,'Long Island Iced Tea','1/2','Oz','Gin'),(2382,'Long Island Iced Tea','1/2','Oz','Rum'),(2385,'Long Island Iced Tea','1/2','Oz','Triple Sec'),(2384,'Long Island Iced Tea','1/2','Oz','Vodka'),(2386,'Long Island Iced Tea','2','Oz','Sweet & Sour Mix 2'),(2388,'Long Island Iced Tea','with',' ','Coke Zero'),(3447,'Long Island Iced Tea (Legacy)','1/2','Oz','Gin'),(3446,'Long Island Iced Tea (Legacy)','1/2','Oz','Rum'),(3449,'Long Island Iced Tea (Legacy)','1/2','Oz','Triple Sec'),(3448,'Long Island Iced Tea (Legacy)','1/2','Oz','Vodka'),(3450,'Long Island Iced Tea (Legacy)','2','Oz','Sweet & Sour Mix 1'),(3451,'Long Island Iced Tea (Legacy)','with',' ','Coke Zero'),(3879,'Long Island Iced Tea (Skinny)','1/2','Oz','Gin'),(3878,'Long Island Iced Tea (Skinny)','1/2','Oz','Rum'),(3877,'Long Island Iced Tea (Skinny)','1/2','Oz','Vodka'),(3880,'Long Island Iced Tea (Skinny)','2','Oz','Sweet & Sour Mix (Skinny)'),(3881,'Long Island Iced Tea (Skinny)','with',' ','Diet Coke'),(2015,'Los Angeles Banana Berry','1','Scoop','Orange Sorbet'),(2014,'Los Angeles Banana Berry','1/2','Oz','Lime Mix 1'),(2016,'Los Angeles Banana Berry','1/2','Scoop','Crushed Ice'),(2012,'Los Angeles Banana Berry','1/4',' ','(Ripe) Banana'),(2013,'Los Angeles Banana Berry','4','Oz','Cranberry Juice'),(969,'Lynchburg Lemonade','3/4','Oz','Jack Daniels'),(971,'Lynchburg Lemonade','3/4','Oz','Sweet & Sour Mix 1'),(970,'Lynchburg Lemonade','3/4','Oz','Triple Sec'),(972,'Lynchburg Lemonade','with',' ','Lemonade'),(3454,'Madras','1','Oz','Orange Juice'),(3452,'Madras','1 1/4','Oz','Vodka'),(3453,'Madras','3','Oz','Cranberry Juice'),(3461,'Mai Tai','1','Dash','Orgeat Syrup'),(3455,'Mai Tai','1 1/2','Oz','Gold Rum'),(3457,'Mai Tai','1 1/2','Oz','Lime Mix 1'),(3458,'Mai Tai','1 1/2','Oz','Pineapple Juice'),(3459,'Mai Tai','1/2','Oz','Grenadine'),(3460,'Mai Tai','1/2','Oz','Simple Syrup'),(3456,'Mai Tai','3/4','Oz','Triple Sec'),(4531,'Malfy Gin Rosa Serve','1','Bottle of','London Essence Grapefruit & Rosemary'),(4530,'Malfy Gin Rosa Serve','1','Oz','Malfy Gin Rosa'),(3464,'Mandarin Chocolate','1','Oz','Chocolate Syrup'),(3463,'Mandarin Chocolate','1','Oz','Dark Cacao'),(3462,'Mandarin Chocolate','1','Oz','Kahlua'),(3466,'Mandarin Chocolate','1/2','Scoop','Crushed Ice'),(3465,'Mandarin Chocolate','2','Scoops','Orange Sorbet'),(2369,'Manhattan','1','Oz','Sweet Vermouth'),(2370,'Manhattan','2','Dashes','Angostura Bitters'),(2368,'Manhattan','2','Oz','Sazerac'),(3470,'Maple Leaf','1','Oz','Brandy'),(3471,'Maple Leaf','1','Oz','White Cacao'),(3474,'Maple Leaf','1/2','Scoop','Crushed Ice'),(3473,'Maple Leaf','2','Scoops','Vanilla Ice Cream'),(3472,'Maple Leaf','3/4','Oz','Maple Syrup'),(3475,'Mardi Gras','1 1/2','Oz','Southern Comfort'),(3479,'Mardi Gras','1 1/2','Scoops','Crushed Ice'),(3476,'Mardi Gras','1/2','Oz','Dark Cacao'),(3480,'Mardi Gras','2','Bar Spoons','100s & 1000s'),(3478,'Mardi Gras','2','Scoops','Vanilla Ice Cream'),(3477,'Mardi Gras','3/4','Oz','Cherry Syrup'),(1001,'Margarita - Banana','1 1/2','Oz','Lime Mix 2'),(1002,'Margarita - Banana','1 1/2','Oz','Sweet & Sour Mix 1'),(1003,'Margarita - Banana','1 1/2','Scoops','Crushed Ice'),(999,'Margarita - Banana','1 1/4','Oz','Tequila'),(998,'Margarita - Banana','1/2',' ','(Ripe) Banana'),(1000,'Margarita - Banana','1/2','Oz','Crème de Banane'),(1534,'Margarita - Blackberry (Skinny)','1 1/4','Oz','Tequila'),(1536,'Margarita - Blackberry (Skinny)','3',' ','Blackberries'),(1535,'Margarita - Blackberry (Skinny)','3','Oz','Sweet & Sour Mix (Skinny)'),(1007,'Margarita - Cranberry','1 1/2','Oz','Lime Mix 2'),(1008,'Margarita - Cranberry','1 1/2','Oz','Sweet & Sour Mix 1'),(1009,'Margarita - Cranberry','1 1/2','Scoops','Crushed Ice'),(1005,'Margarita - Cranberry','1 1/4','Oz','Tequila'),(1006,'Margarita - Cranberry','1/2','Oz','Cranberry Schnapps'),(1004,'Margarita - Cranberry','12',' ','Cranberries'),(1013,'Margarita - Melon','1 1/2','Oz','Lime Mix 2'),(1014,'Margarita - Melon','1 1/2','Oz','Sweet & Sour Mix 1'),(1015,'Margarita - Melon','1 1/2','Scoops','Crushed Ice'),(1011,'Margarita - Melon','1 1/4','Oz','Tequila'),(1012,'Margarita - Melon','1/2','Oz','Crème de Cantaloupe'),(1010,'Margarita - Melon','1/8',' ','Melon'),(3484,'Margarita - Peach','1 1/2','Oz','Lime Mix 2'),(3485,'Margarita - Peach','1 1/2','Oz','Sweet & Sour Mix 1'),(3486,'Margarita - Peach','1 1/2','Scoops','Crushed Ice'),(3482,'Margarita - Peach','1 1/4','Oz','Tequila'),(3483,'Margarita - Peach','1/2','Oz','Peach Schnapps'),(3481,'Margarita - Peach','2','Oz','Peach Pureé'),(3743,'Margarita - Popping Candy','1','Oz','Lime Mix 2'),(3744,'Margarita - Popping Candy','1','Oz','Sweet & Sour Mix 1'),(3741,'Margarita - Popping Candy','1 1/4','Oz','Tequila'),(3742,'Margarita - Popping Candy','1/2','Oz','Crème de Fraise'),(3740,'Margarita - Popping Candy','4',' ','Strawberries'),(3487,'Margarita - Raspberry','1','Oz','Raspberry Pureé'),(3490,'Margarita - Raspberry','1 1/2','Oz','Lime Mix 2'),(3491,'Margarita - Raspberry','1 1/2','Oz','Sweet & Sour Mix 1'),(3492,'Margarita - Raspberry','1 1/2','Scoops','Crushed Ice'),(3488,'Margarita - Raspberry','1 1/4','Oz','Tequila'),(3489,'Margarita - Raspberry','1/2','Oz','Crème de Framboise'),(3496,'Margarita - Strawberry','1 1/2','Oz','Lime Mix 2'),(3497,'Margarita - Strawberry','1 1/2','Oz','Sweet & Sour Mix 1'),(3498,'Margarita - Strawberry','1 1/2','Scoops','Crushed Ice'),(3494,'Margarita - Strawberry','1 1/4','Oz','Tequila'),(3495,'Margarita - Strawberry','1/2','Oz','Crème de Fraise'),(3493,'Margarita - Strawberry','2','Oz','Strawberry Pureé'),(1036,'Margarita (Frozen)','1 1/2','Oz','Lime Mix 2'),(1037,'Margarita (Frozen)','1 1/2','Oz','Sweet & Sour Mix 1'),(1038,'Margarita (Frozen)','1 1/2','Scoops','Crushed Ice'),(1034,'Margarita (Frozen)','1 1/4','Oz','Tequila'),(1035,'Margarita (Frozen)','1/2','Oz','Triple Sec'),(1042,'Margarita (Golden, Frozen)','1 1/2','Oz','Lime Mix 2'),(1043,'Margarita (Golden, Frozen)','1 1/2','Oz','Sweet & Sour Mix 1'),(1044,'Margarita (Golden, Frozen)','1 1/2','Scoops','Crushed Ice'),(1039,'Margarita (Golden, Frozen)','1 1/4','Oz','Tequila'),(1040,'Margarita (Golden, Frozen)','1/4','Oz','Grand Marnier'),(1041,'Margarita (Golden, Frozen)','1/4','Oz','Triple Sec'),(3504,'Margarita (Golden, Rocks)','1 1/2','Scoops','Crushed Ice'),(3499,'Margarita (Golden, Rocks)','1 1/4','Oz','Tequila'),(3500,'Margarita (Golden, Rocks)','1/4','Oz','Grand Marnier'),(3501,'Margarita (Golden, Rocks)','1/4','Oz','Triple Sec'),(3503,'Margarita (Golden, Rocks)','2','Oz','Sweet & Sour Mix 1'),(3502,'Margarita (Golden, Rocks)','3','Oz','Lime Mix 2'),(3508,'Margarita (Golden, Up)','1','Oz','Lime Mix 2'),(3509,'Margarita (Golden, Up)','1','Oz','Sweet & Sour Mix 1'),(3505,'Margarita (Golden, Up)','1 1/4','Oz','Tequila'),(3506,'Margarita (Golden, Up)','1/4','Oz','Grand Marnier'),(3507,'Margarita (Golden, Up)','1/4','Oz','Triple Sec'),(2408,'Margarita (Rocks)','1','Oz','Agave Syrup'),(2407,'Margarita (Rocks)','1','Oz','Lime Mix 1'),(2406,'Margarita (Rocks)','1','Oz','Triple Sec'),(2405,'Margarita (Rocks)','1 1/2','Oz','Tequila'),(3510,'Margarita (Rocks) (Legacy)','1 1/4','Oz','Tequila'),(3514,'Margarita (Rocks) (Legacy)','1/2','Oz','Simple Syrup'),(3511,'Margarita (Rocks) (Legacy)','1/2','Oz','Triple Sec'),(3513,'Margarita (Rocks) (Legacy)','2','Oz','Sweet & Sour Mix 1'),(3512,'Margarita (Rocks) (Legacy)','3','Oz','Lime Mix 2'),(1542,'Margarita (Skinny)','1 1/4','Oz','Tequila'),(1543,'Margarita (Skinny)','3','Oz','Sweet & Sour Mix (Skinny)'),(3517,'Margarita (Up)','1','Oz','Lime Mix 2'),(3518,'Margarita (Up)','1','Oz','Sweet & Sour Mix 1'),(3515,'Margarita (Up)','1 1/4','Oz','Tequila'),(3516,'Margarita (Up)','1/2','Oz','Triple Sec'),(3519,'Margarita Cooler','1','Oz','Tequila'),(3521,'Margarita Cooler','1/2','Oz','Amaretto'),(3520,'Margarita Cooler','1/2','Oz','Triple Sec'),(3522,'Margarita Cooler','1/4','Oz','Lime Cordial'),(3523,'Margarita Cooler','with',' ','Soda'),(2367,'Martini','1/2','Oz','Dry Vermouth'),(2366,'Martini','2 1/2','Oz','Gin'),(3525,'Martini - Cranberry (Gin)','1 1/2','Oz','Gin'),(3526,'Martini - Cranberry (Gin)','1/2','Oz','Cranberry Schnapps'),(3524,'Martini - Cranberry (Gin)','12',' ','Cranberries'),(3528,'Martini - Cranberry (Vodka)','1 1/2','Oz','Premium Vodka'),(3529,'Martini - Cranberry (Vodka)','1/2','Oz','Cranberry Schnapps'),(3527,'Martini - Cranberry (Vodka)','12',' ','Cranberries'),(3531,'Martini - Melon (Gin)','1 1/2','Oz','Gin'),(3532,'Martini - Melon (Gin)','1/2','Oz','Crème de Cantaloupe'),(3530,'Martini - Melon (Gin)','1/8',' ','Melon'),(3534,'Martini - Melon (Vodka)','1 1/2','Oz','Premium Vodka'),(3535,'Martini - Melon (Vodka)','1/2','Oz','Crème de Cantaloupe'),(3533,'Martini - Melon (Vodka)','1/8',' ','Melon'),(3538,'Martini - Raspberry (Gin)','1','Oz','Raspberry Pureé'),(3536,'Martini - Raspberry (Gin)','1 1/2','Oz','Gin'),(3537,'Martini - Raspberry (Gin)','1/2','Oz','Crème de Framboise'),(3541,'Martini - Raspberry (Vodka)','1','Oz','Raspberry Pureé'),(3539,'Martini - Raspberry (Vodka)','1 1/2','Oz','Premium Vodka'),(3540,'Martini - Raspberry (Vodka)','1/2','Oz','Crème de Framboise'),(1080,'Martini - Strawberry (Gin)','1 1/2','Oz','Gin'),(1081,'Martini - Strawberry (Gin)','1/2','Oz','Crème de Fraise'),(1079,'Martini - Strawberry (Gin)','4',' ','Strawberries'),(1083,'Martini - Strawberry (Vodka)','1 1/2','Oz','Premium Vodka'),(1084,'Martini - Strawberry (Vodka)','1/2','Oz','Crème de Fraise'),(1082,'Martini - Strawberry (Vodka)','4',' ','Strawberries'),(3546,'Matt the Rat','1','Oz','Orange Juice'),(3542,'Matt the Rat','1 1/4','Oz','Spiced Rum'),(3544,'Matt the Rat','1/2','Oz','Lime Mix 1'),(3545,'Matt the Rat','1/2','Oz','Simple Syrup'),(3543,'Matt the Rat','1/2','Oz','Triple Sec'),(3547,'Matt the Rat','with',' ','Lemonade'),(3548,'Maverick Aviator','1 1/4','Oz','Gin'),(3549,'Maverick Aviator','1/2','Oz','Crème de Marasquin'),(3550,'Maverick Aviator','1/4','Oz','Crème de Violette'),(3552,'Maverick Aviator','1/4','Oz','Gomme'),(3551,'Maverick Aviator','1/4','Oz','Lemon Juice'),(3553,'Maverick Aviator','with',' ','Friday\'s Foam'),(1895,'Melon Ball','1/2','Oz','Orange Juice'),(1894,'Melon Ball','3/4','Oz','Crème de Cantaloupe'),(1893,'Melon Ball','3/4','Oz','Vodka'),(3557,'Ménage à Trois','1','Oz','Chocolate Syrup'),(3556,'Ménage à Trois','1','Oz','Cream of Coconut'),(3554,'Ménage à Trois','1','Oz','Strawberry Pureé'),(3555,'Ménage à Trois','1 1/4','Oz','Vodka'),(3559,'Ménage à Trois','1/2','Scoop','Crushed Ice'),(3558,'Ménage à Trois','2','Scoops','Vanilla Ice Cream'),(4468,'Merry Martini','1','ml','Ms. Better\'s Bitters Foamer'),(4467,'Merry Martini','1 1/2','Oz','Cranberry Juice'),(4466,'Merry Martini','3/4','Oz','Grenadine'),(4464,'Merry Martini','3/4','Oz','Licor 43'),(4465,'Merry Martini','3/4','Oz','Lime Mix 1'),(4463,'Merry Martini','3/4','Oz','Premium Vodka'),(3562,'Mexican Coffee','1','Bar Spoon','White Sugar (Granulated)'),(3560,'Mexican Coffee','3/4','Oz','Kahlua'),(3561,'Mexican Coffee','3/4','Oz','Tequila'),(3563,'Mexican Coffee','with',' ','Hot Coffee'),(1896,'Mexican Flag','1/2','Oz','Crème de Menthe'),(1897,'Mexican Flag','1/2','Oz','Créme de Menthe Blanche'),(1898,'Mexican Flag','1/2','Oz','Crème de Noyaux'),(3569,'Mexican Runner','1','Oz','Lime Mix 2'),(3571,'Mexican Runner','1','Oz','Strawberry Pureé'),(3570,'Mexican Runner','1','Oz','Sweet & Sour Mix 1'),(3572,'Mexican Runner','1 1/2','Scoops','Crushed Ice'),(3565,'Mexican Runner','1/2','Oz','Dark Rum'),(3568,'Mexican Runner','1/2','Oz','Grenadine'),(3564,'Mexican Runner','1/2','Oz','Tequila'),(3567,'Mexican Runner','1/4','Oz','Crème de Banane'),(3566,'Mexican Runner','1/4','Oz','Crème de Mûre'),(1110,'Mimosa','3','Oz','Champagne'),(1109,'Mimosa','5','Oz','Orange Juice'),(1113,'Mimosa - Grand','1/2','Oz','Grand Marnier'),(1112,'Mimosa - Grand','3','Oz','Champagne'),(1111,'Mimosa - Grand','4 1/2','Oz','Orange Juice'),(3575,'Mimosa - Lemon','1',' ','Lemon Squeeze'),(3573,'Mimosa - Lemon','1','Oz','Lemon Juice'),(3574,'Mimosa - Lemon','1/2','Oz','Simple Syrup'),(3576,'Mimosa - Lemon','with',' ','Champagne'),(3579,'Mimosa - Lime','1',' ','Lime Squeeze'),(3577,'Mimosa - Lime','1','Lime of','Lime Juice'),(3578,'Mimosa - Lime','1/2','Oz','Simple Syrup'),(3580,'Mimosa - Lime','with',' ','Champagne'),(3977,'Mimosa (Frozen) (Ultimate)','2','Oz','Orange Vodka'),(3981,'Mimosa (Frozen) (Ultimate)','2','Oz','Prosecco'),(3978,'Mimosa (Frozen) (Ultimate)','3','Oz','Orange Juice'),(3979,'Mimosa (Frozen) (Ultimate)','3','Scoops','Orange Sorbet'),(3980,'Mimosa (Frozen) (Ultimate)','3/4','Scoop','Crushed Ice'),(3582,'Mint Julep','1/2','Oz','Simple Syrup'),(3581,'Mint Julep','12 to 15',' ','Mint Leaves'),(3583,'Mint Julep','2','Oz','Bourbon Whiskey'),(4120,'Minty Apple Soda','1','Oz','Vanilla Syrup'),(4118,'Minty Apple Soda','12',' ','Mint Leaves'),(4119,'Minty Apple Soda','2','Oz','Apple Juice'),(4121,'Minty Apple Soda','with',' ','Soda'),(3588,'Mocha Martini','1','Oz','Chilled Coffee'),(3584,'Mocha Martini','1 1/2','Oz','Premium Vodka'),(3586,'Mocha Martini','1/2','Oz','Chocolate Syrup'),(3585,'Mocha Martini','1/2','Oz','Dark Cacao'),(3587,'Mocha Martini','1/2','Oz','Half & Half'),(4382,'Mojito','1/2','Oz','Demerara Syrup'),(4381,'Mojito','12 to 15',' ','Mint Leaves'),(4383,'Mojito','2','Oz','Rum'),(4380,'Mojito','3',' ','Lime Slices'),(4384,'Mojito','with',' ','Soda'),(3598,'Mojito - Cranberry','1 1/2','Oz','Rum'),(3599,'Mojito - Cranberry','1/2','Oz','Cranberry Schnapps'),(3594,'Mojito - Cranberry','12',' ','Cranberries'),(3595,'Mojito - Cranberry','12 to 15',' ','Mint Leaves'),(3596,'Mojito - Cranberry','3',' ','Lime Slices'),(3597,'Mojito - Cranberry','3','Bar Spoons','Demerara Sugar (Granulated)'),(3600,'Mojito - Cranberry','with',' ','Soda'),(3605,'Mojito - Melon','1 1/2','Oz','Rum'),(3606,'Mojito - Melon','1/2','Oz','Crème de Cantaloupe'),(3601,'Mojito - Melon','1/8',' ','Melon'),(3602,'Mojito - Melon','12 to 15',' ','Mint Leaves'),(3603,'Mojito - Melon','3',' ','Lime Slices'),(3604,'Mojito - Melon','3','Bar Spoons','Demerara Sugar (Granulated)'),(3607,'Mojito - Melon','with',' ','Soda'),(3608,'Mojito - Raspberry','1','Oz','Raspberry Pureé'),(3612,'Mojito - Raspberry','1 1/2','Oz','Rum'),(3613,'Mojito - Raspberry','1/2','Oz','Crème de Framboise'),(3609,'Mojito - Raspberry','12 to 15',' ','Mint Leaves'),(3610,'Mojito - Raspberry','3',' ','Lime Slices'),(3611,'Mojito - Raspberry','3','Bar Spoons','Demerara Sugar (Granulated)'),(3614,'Mojito - Raspberry','with',' ','Soda'),(1147,'Mojito - Strawberry','1 1/2','Oz','Rum'),(1148,'Mojito - Strawberry','1/2','Oz','Crème de Fraise'),(1145,'Mojito - Strawberry','12 to 15',' ','Mint Leaves'),(1146,'Mojito - Strawberry','3',' ','Lime Slices'),(1144,'Mojito - Strawberry','4',' ','Strawberries'),(1149,'Mojito - Strawberry','with',' ','Soda'),(3589,'Mojito (Legacy)','12 to 15',' ','Mint Leaves'),(3592,'Mojito (Legacy)','2','Oz','Rum'),(3590,'Mojito (Legacy)','3',' ','Lime Slices'),(3591,'Mojito (Legacy)','3','Bar Spoons','Demerara Sugar (Granulated)'),(3593,'Mojito (Legacy)','with',' ','Soda'),(4429,'Monkey Sour','1','ml','Ms. Better\'s Bitters Foamer'),(4426,'Monkey Sour','1','Oz','Strawberry Pureé'),(4425,'Monkey Sour','1 1/2','Oz','Monkey Shoulder Whiskey'),(4428,'Monkey Sour','1/2','Oz','Gomme'),(4427,'Monkey Sour','3/4','Oz','Lemon Mix'),(3615,'Mont Blanc','1 1/4','Oz','Chambord'),(3618,'Mont Blanc','1/2','Scoop','Crushed Ice'),(3616,'Mont Blanc','2','Oz','Half & Half'),(3617,'Mont Blanc','2','Scoops','Vanilla Ice Cream'),(4402,'Moscow Mule','2','Dashes','Angostura Bitters'),(4401,'Moscow Mule','3',' ','Lime Slices'),(4400,'Moscow Mule','3','Oz','Stolichnaya'),(4403,'Moscow Mule','with',' ','Ginger Beer'),(1154,'Moscow Mule (Legacy)','1 1/4','Oz','Vodka'),(1155,'Moscow Mule (Legacy)','with',' ','Ginger Beer'),(4552,'Mozzarella Dippers','1','g','Parsley (Chopped)'),(4551,'Mozzarella Dippers','1','g','Regato Cheese'),(4550,'Mozzarella Dippers','30','ml','Basil Pesto Mayo'),(4549,'Mozzarella Dippers','30','ml','Marinara Sauce'),(4548,'Mozzarella Dippers','4',' ','Mozzarella Dippers'),(3619,'Muddy Water','1','Oz','Vodka'),(3621,'Muddy Water','1/2','Oz','Baileys Irish Cream'),(3620,'Muddy Water','1/2','Oz','Kahlua'),(3626,'Mudslide','1/2','Scoop','Crushed Ice'),(3625,'Mudslide','2','Scoops','Vanilla Ice Cream'),(3622,'Mudslide','3/4','Oz','Baileys Irish Cream'),(3623,'Mudslide','3/4','Oz','Kahlua'),(3624,'Mudslide','3/4','Oz','Vodka'),(1901,'Nashville Shooter','1',' ','Lime Squeeze'),(1899,'Nashville Shooter','1 1/2','Oz','Premium Vodka'),(1900,'Nashville Shooter','1/2','Oz','Cranberry Juice'),(2364,'Negroni','1','Oz','Campari'),(2365,'Negroni','1','Oz','Sweet Vermouth'),(2363,'Negroni','1','Oz','The Botanist Islay Dry Gin'),(1165,'Negroni (Legacy)','3/4','Oz','Campari'),(1164,'Negroni (Legacy)','3/4','Oz','Gin'),(1166,'Negroni (Legacy)','3/4','Oz','Sweet Vermouth'),(4281,'New Orleans','100','ml','Lemonade'),(4280,'New Orleans','100','ml','Prosecco'),(4277,'New Orleans','200','ml','Passion Fruit Juice'),(4278,'New Orleans','200','ml','Peach Pureé'),(4275,'New Orleans','200','ml','Southern Comfort'),(4279,'New Orleans','50','ml','Lime Juice'),(4276,'New Orleans','50','ml','Vanilla Syrup'),(4097,'November Seabreeze','1','Oz','Lime Mix 1'),(4098,'November Seabreeze','1/2','Oz','Simple Syrup'),(4096,'November Seabreeze','2','Oz','Apple Juice'),(4095,'November Seabreeze','2','Oz','Cranberry Juice'),(4099,'November Seabreeze','with',' ','Soda'),(1167,'Nureyev','1 1/2','Oz','Vodka'),(1168,'Nureyev','3/4','Oz','White Cacao'),(2380,'Old Fashioned','1/4','Oz','Demerara Syrup'),(2381,'Old Fashioned','2','Dashes','Angostura Bitters'),(2379,'Old Fashioned','2 1/2','Oz','Buffalo Trace'),(4524,'Ophir','25','ml','Ophir'),(4511,'Orange & Pineapple Fizz','1 1/2','Oz','Orange Juice'),(4512,'Orange & Pineapple Fizz','1 1/2','Oz','Pineapple Juice'),(4513,'Orange & Pineapple Fizz','1/2','Oz','Sweet & Sour Mix 1'),(4514,'Orange & Pineapple Fizz','with',' ','Soda'),(1169,'Orange Blossom','1 1/4','Oz','Gin'),(1170,'Orange Blossom','4','Oz','Orange Juice'),(3629,'Orange Bon Bon','1','Oz','Orange Juice'),(3627,'Orange Bon Bon','1','Oz','Vodka'),(3628,'Orange Bon Bon','1','Oz','White Cacao'),(3631,'Orange Bon Bon','1/2','Scoop','Crushed Ice'),(3630,'Orange Bon Bon','2','Scoops','Orange Sorbet'),(3633,'Orange Buck','1','Oz','Orange Juice'),(3632,'Orange Buck','1 1/4','Oz','Gin'),(3634,'Orange Buck','with',' ','Ginger Ale'),(4515,'Orange Creamsickle','1','Oz','Orange Juice'),(4517,'Orange Creamsickle','1','Scoop','Orange Sorbet'),(4516,'Orange Creamsickle','with',' ','Lemonade'),(3638,'Orange Lollipop','1','Oz','Pineapple Juice'),(3636,'Orange Lollipop','1/2','Oz','Southern Comfort'),(3637,'Orange Lollipop','3','Oz','Orange Juice'),(3635,'Orange Lollipop','3/4','Oz','Crème de Noyaux'),(1972,'Orange Slush','1/4','Oz','Orange Juice'),(1971,'Orange Slush','1/4','Oz','Sweet & Sour Mix 1'),(1973,'Orange Slush','with',' ','Lemonade'),(3641,'Orangeade','1','Orange of','Orange Juice'),(3639,'Orangeade','1 1/4','Oz','Vodka'),(3640,'Orangeade','3/4','Oz','Simple Syrup'),(3642,'Orangeade','with',' ','Lemonade'),(3646,'Oranjihna','2','Oz','Orange Vodka'),(3644,'Oranjihna','3',' ','Lemon Slices'),(3645,'Oranjihna','3','Bar Spoons','White Sugar (Granulated)'),(3643,'Oranjihna','5',' ','Orange Slices'),(4319,'Oreo Malt','4',' ','Oreos'),(4322,'Oreo Malt','4','Bar Spoons','Malt'),(4320,'Oreo Malt','5','Oz','Milk'),(4321,'Oreo Malt','5','Scoops','Vanilla Ice Cream'),(4364,'Oreo Malt (Small)','2',' ','Oreos'),(4365,'Oreo Malt (Small)','2','Oz','Milk'),(4366,'Oreo Malt (Small)','3','Scoops','Vanilla Ice Cream'),(4367,'Oreo Malt (Small)','4','Bar Spoons','Malt'),(2198,'Oreo Milkshake','4',' ','Oreos'),(2199,'Oreo Milkshake','5','Oz','Milk'),(2200,'Oreo Milkshake','5','Scoops','Vanilla Ice Cream'),(2162,'Oreo Milkshake (Small)','2',' ','Oreos'),(2163,'Oreo Milkshake (Small)','2','Oz','Milk'),(2164,'Oreo Milkshake (Small)','3','Scoops','Vanilla Ice Cream'),(4032,'Oreo Speedwagon','1/2','Oz','Vanilla Syrup'),(4034,'Oreo Speedwagon','1/2','Scoop','Crushed Ice'),(4033,'Oreo Speedwagon','2','Scoops','Vanilla Ice Cream'),(4030,'Oreo Speedwagon','3',' ','Oreos'),(4031,'Oreo Speedwagon','3','Oz','Milk'),(1904,'Orgasm','1/2','Oz','Amaretto'),(1902,'Orgasm','1/2','Oz','Baileys Irish Cream'),(1903,'Orgasm','1/2','Oz','Kahlua'),(3650,'Orlando Quencher','1','Oz','Orange Juice'),(3647,'Orlando Quencher','1 1/4','Oz','Gold Rum'),(3648,'Orlando Quencher','1/2','Oz','Lime Mix 1'),(3649,'Orlando Quencher','1/2','Oz','Simple Syrup'),(3651,'Orlando Quencher','with',' ','Lemonade'),(1195,'P.S. I Love You','1/2','Oz','Amaretto'),(1194,'P.S. I Love You','1/2','Oz','Baileys Irish Cream'),(1198,'P.S. I Love You','1/2','Oz','Half & Half'),(1197,'P.S. I Love You','1/2','Oz','Kahlua'),(1196,'P.S. I Love You','1/2','Oz','Rum'),(1200,'P.S. I Love You (Ultimate)','3/4','Oz','Amaretto'),(1199,'P.S. I Love You (Ultimate)','3/4','Oz','Baileys Irish Cream'),(1202,'P.S. I Love You (Ultimate)','3/4','Oz','Kahlua'),(1201,'P.S. I Love You (Ultimate)','3/4','Oz','Rum'),(1203,'P.S. I Love You (Ultimate)','4 1/2','Oz','Half & Half'),(2344,'Paloma','1','Oz','Grapefruit Juice'),(2343,'Paloma','1','Oz','Tequila'),(2345,'Paloma','1/4','Oz','Agave Syrup'),(2347,'Paloma','3/4','Oz','Grenadine'),(2346,'Paloma','4','Oz','Sanpellegrino Pompelmo'),(3657,'Paradise Punch','1 1/4','Oz','Orange Juice'),(3656,'Paradise Punch','1 1/4','Oz','Pineapple Juice'),(3658,'Paradise Punch','1/2','Oz','Lime Mix 1'),(3655,'Paradise Punch','1/2','Oz','Vodka'),(3653,'Paradise Punch','3/4','Oz','Amaretto'),(3654,'Paradise Punch','3/4','Oz','Grenadine'),(3652,'Paradise Punch','3/4','Oz','Southern Comfort'),(1209,'Paradise Punch (Legacy)','1 1/4','Oz','Orange Juice'),(1208,'Paradise Punch (Legacy)','1 1/4','Oz','Pineapple Juice'),(1210,'Paradise Punch (Legacy)','1/2','Lime of','Lime Juice'),(1207,'Paradise Punch (Legacy)','1/2','Oz','Vodka'),(1205,'Paradise Punch (Legacy)','3/4','Oz','Amaretto'),(1206,'Paradise Punch (Legacy)','3/4','Oz','Grenadine'),(1204,'Paradise Punch (Legacy)','3/4','Oz','Southern Comfort'),(2252,'Passion Fruit Pureé 1','Required amount',' ','Frozen Passion Fruit Pieces'),(2287,'Passion Fruit Pureé 2','130','ml','Passion Fruit Pureé 1'),(2289,'Passion Fruit Pureé 2','30','ml','Passion Fruit Syrup'),(2288,'Passion Fruit Pureé 2','500','ml','Passion Fruit Juice'),(4265,'Passion Superstar Martini','15','ml','Grenadine'),(4260,'Passion Superstar Martini','150','ml','Vodka'),(4262,'Passion Superstar Martini','25','ml','Vanilla Syrup'),(4261,'Passion Superstar Martini','50','ml','Crème de Fruit de la Passion'),(4264,'Passion Superstar Martini','50','ml','Sweet & Sour Mix 1'),(4263,'Passion Superstar Martini','500','ml','Passion Fruit Juice'),(3664,'Passionate Rose','1','Oz','Passion Fruit Pureé 1'),(3659,'Passionate Rose','1 1/4','Oz','Rum'),(3662,'Passionate Rose','1/2','Oz','Gomme'),(3661,'Passionate Rose','1/2','Oz','Lime Juice'),(3663,'Passionate Rose','1/4','Oz','White Cacao'),(3660,'Passionate Rose','3/4','Oz','Rose Syrup'),(2123,'Passionate Sunrise','1','Oz','Orange Juice'),(2122,'Passionate Sunrise','1/2','Oz','Grenadine'),(2120,'Passionate Sunrise','2 1/2','Oz','Passion Fruit Juice'),(2121,'Passionate Sunrise','2 1/2','Oz','Sweet & Sour Mix 1'),(3667,'Pavlova','1','Oz','Half & Half'),(3665,'Pavlova','1 1/2','Oz','Vodka'),(3666,'Pavlova','3/4','Oz','White Cacao'),(3669,'Peach À La Mode','1','Oz','Half & Half'),(3670,'Peach À La Mode','1','Scoop','Vanilla Ice Cream'),(3672,'Peach À La Mode','1 1/2','Oz','Lemonade'),(3668,'Peach À La Mode','1 1/4','Oz','Peach Schnapps'),(3671,'Peach À La Mode','1/2','Scoop','Crushed Ice'),(3675,'Peach Almond Shake','1','Oz','Amaretto'),(3674,'Peach Almond Shake','1','Oz','Peach Schnapps'),(3677,'Peach Almond Shake','1/2','Scoop','Crushed Ice'),(3673,'Peach Almond Shake','2','Oz','Peach Pureé'),(3676,'Peach Almond Shake','2','Scoops','Vanilla Ice Cream'),(3678,'Peach Crush','1','Oz','Peach Schnapps'),(3679,'Peach Crush','1','Oz','Vodka'),(3681,'Peach Crush','1 1/2','Oz','Cranberry Juice'),(3680,'Peach Crush','1 1/2','Oz','Sweet & Sour Mix 1'),(3684,'Peach Fuzzy (Cocktail)','1','Oz','Peach Schnapps'),(3683,'Peach Fuzzy (Cocktail)','1','Oz','Vodka'),(3685,'Peach Fuzzy (Cocktail)','1 1/2','Oz','Sweet & Sour Mix 1'),(3687,'Peach Fuzzy (Cocktail)','1 1/2','Scoops','Crushed Ice'),(3686,'Peach Fuzzy (Cocktail)','1/2','Oz','Grenadine'),(3682,'Peach Fuzzy (Cocktail)','2','Oz','Peach Pureé'),(1909,'Peach Fuzzy (Shooter)','1','Dash','Cranberry Juice'),(1905,'Peach Fuzzy (Shooter)','1','Oz','Peach Schnapps'),(1906,'Peach Fuzzy (Shooter)','1/2','Oz','Vodka'),(1908,'Peach Fuzzy (Shooter)','1/4','Oz','Orange Juice'),(1907,'Peach Fuzzy (Shooter)','1/4','Oz','Sweet & Sour Mix 1'),(4323,'Peach Malt','2','Oz','Peach Pureé'),(4324,'Peach Malt','3 1/2','Oz','Milk'),(4326,'Peach Malt','4','Bar Spoons','Malt'),(4325,'Peach Malt','5','Scoops','Vanilla Ice Cream'),(2203,'Peach Milkshake','2','Oz','Peach Pureé'),(2204,'Peach Milkshake','3 1/2','Oz','Milk'),(2205,'Peach Milkshake','5','Scoops','Vanilla Ice Cream'),(2254,'Peach Pureé','Required amount',' ','Frozen Peach Pieces'),(3690,'Peaches & Cream','1','Oz','Peach Schnapps'),(3689,'Peaches & Cream','1','Oz','Vodka'),(3692,'Peaches & Cream','1/2','Scoop','Crushed Ice'),(3688,'Peaches & Cream','2','Oz','Peach Pureé'),(3691,'Peaches & Cream','2','Scoops','Vanilla Ice Cream'),(3697,'Peachy Keen','1','Bar Spoon','White Sugar (Granulated)'),(3693,'Peachy Keen','1','Oz','Peach Pureé'),(3695,'Peachy Keen','1','Oz','Peach Schnapps'),(3694,'Peachy Keen','1','Oz','Rum'),(3699,'Peachy Keen','1','Scoop','Crushed Ice'),(3698,'Peachy Keen','1','Scoop','Vanilla Ice Cream'),(3696,'Peachy Keen','1/2','Oz','Orange Juice'),(4036,'Pentathlon Pace','1',' ','Peach Slice'),(4035,'Pentathlon Pace','1','Oz','Yoghurt'),(4039,'Pentathlon Pace','1','Scoop','Orange Sorbet'),(4040,'Pentathlon Pace','1/2','Scoop','Crushed Ice'),(4037,'Pentathlon Pace','2','Oz','Apple Juice'),(4038,'Pentathlon Pace','3/4','Oz','Honey'),(3703,'Pepper Eater','1','Oz','Cranberry Juice'),(3701,'Pepper Eater','1','Oz','Triple Sec'),(3700,'Pepper Eater','1 1/4','Oz','Tequila'),(3702,'Pepper Eater','2','Oz','Orange Juice'),(1255,'Peppered Mary','1 1/4','Oz','Pepper Vodka'),(1256,'Peppered Mary','4','Oz','Spiced Tomato Mix'),(3707,'Perfect Cocktail','1','Dash','Orange Bitters'),(3704,'Perfect Cocktail','1 1/2','Oz','Gin'),(3706,'Perfect Cocktail','1/2','Oz','Dry Vermouth'),(3705,'Perfect Cocktail','1/2','Oz','Sweet Vermouth'),(3709,'Perfect John','1','Oz','Triple Sec'),(3708,'Perfect John','1 1/4','Oz','Vodka'),(3710,'Perfect John','3','Oz','Orange Juice'),(3711,'Pimm\'s Cup','1 1/4','Oz','Pimm\'s No. 1'),(3712,'Pimm\'s Cup','2','Oz','Lemonade'),(3713,'Pimm\'s Cup','with',' ','Ginger Ale'),(1279,'Piña Colada - Banana','1 1/2','Scoops','Crushed Ice'),(1277,'Piña Colada - Banana','1 1/4','Oz','Coconut Rum'),(1276,'Piña Colada - Banana','1/2',' ','(Ripe) Banana'),(1278,'Piña Colada - Banana','3','Oz','Piña Colada Mix'),(3717,'Piña Colada - Strawberry','1 1/2','Scoops','Crushed Ice'),(3715,'Piña Colada - Strawberry','1 1/4','Oz','Coconut Rum'),(3714,'Piña Colada - Strawberry','2','Oz','Strawberry Pureé'),(3716,'Piña Colada - Strawberry','3','Oz','Piña Colada Mix'),(3721,'Piña Colada – Peach','1 1/2','Scoops','Crushed Ice'),(3719,'Piña Colada – Peach','1 1/4','Oz','Coconut Rum'),(3718,'Piña Colada – Peach','2','Oz','Peach Pureé'),(3720,'Piña Colada – Peach','3','Oz','Piña Colada Mix'),(2316,'Piña Colada (Frozen)','1','Oz','Gomme'),(2317,'Piña Colada (Frozen)','1 1/2','Oz','Pineapple Juice'),(2315,'Piña Colada (Frozen)','1 1/2','Oz','Rum'),(2318,'Piña Colada (Frozen)','1 1/4','Oz','Cream of Coconut'),(2320,'Piña Colada (Frozen)','3/4','Scoop','Crushed Ice'),(2319,'Piña Colada (Frozen)','6',' ','Pineapple Chunks'),(1273,'Piña Colada (Frozen) (Legacy)','1 1/2','Scoops','Crushed Ice'),(1271,'Piña Colada (Frozen) (Legacy)','1 1/4','Oz','Coconut Rum'),(1272,'Piña Colada (Frozen) (Legacy)','5','Oz','Piña Colada Mix'),(1274,'Piña Colada (Rocks)','1 1/4','Oz','Coconut Rum'),(1275,'Piña Colada (Rocks)','4','Oz','Piña Colada Mix'),(2257,'Piña Colada Mix','1','L','Orange Juice'),(2258,'Piña Colada Mix','1','L','Pineapple Juice'),(2256,'Piña Colada Mix','2','L','Cream of Coconut'),(2259,'Piña Colada Mix','230','ml','Lime Mix 1'),(2255,'Piña Colada Mix','60',' ','Pineapple Chunks'),(3722,'Pineapple Champ','1 1/2','Oz','Pineapple Juice'),(3725,'Pineapple Champ','1/2','Oz','Simple Syrup'),(3723,'Pineapple Champ','2','Oz','Champagne'),(3724,'Pineapple Champ','2','Oz','White Wine'),(3728,'Pineapple Halo','1','Oz','Licor 43'),(3727,'Pineapple Halo','1','Oz','Vodka'),(3730,'Pineapple Halo','1/2','Scoop','Crushed Ice'),(3726,'Pineapple Halo','18',' ','Pineapple Chunks'),(3729,'Pineapple Halo','2','Scoops','Orange Sorbet'),(3732,'Pineapple Plantation','1','Oz','Southern Comfort'),(3731,'Pineapple Plantation','1 1/4','Oz','Amaretto'),(3733,'Pineapple Plantation','3','Oz','Pineapple Juice'),(3734,'Pineapple Plantation','with',' ','Sweet & Sour Mix 1'),(1974,'Pineapple Slush','3/4','Oz','Pineapple Juice'),(1975,'Pineapple Slush','with',' ','Lemonade'),(4101,'Pineapple Sunshine','1','Oz','Orange Juice'),(4103,'Pineapple Sunshine','1/2','Oz','Passion Fruit Juice'),(4102,'Pineapple Sunshine','1/2','Oz','Sweet & Sour Mix 1'),(4100,'Pineapple Sunshine','2','Oz','Pineapple Juice'),(4104,'Pineapple Sunshine','with',' ','Soda'),(1910,'Pingu','1/2','Oz','Black Sambuca'),(1912,'Pingu','1/2','Oz','Black Vodka'),(1911,'Pingu','1/2','Oz','Triple Sec'),(1298,'Pink Lemonade (Cocktail)','1 1/2','Oz','Cranberry Juice'),(1299,'Pink Lemonade (Cocktail)','1 1/2','Oz','Sweet & Sour Mix 1'),(1297,'Pink Lemonade (Cocktail)','1 1/4','Oz','Vodka'),(1300,'Pink Lemonade (Cocktail)','with',' ','Lemonade'),(4014,'Pink Lemonade (Shooter)','1','Bar Spoon','White Sugar (Granulated)'),(4016,'Pink Lemonade (Shooter)','1','Dash','Cranberry Juice'),(4013,'Pink Lemonade (Shooter)','1','Oz','Lemon Juice'),(4012,'Pink Lemonade (Shooter)','1 1/2','Oz','Vodka'),(4015,'Pink Lemonade (Shooter)','2','Dashes','Apple Juice'),(3739,'Pisco Passion','1','Oz','Passion Fruit Pureé 1'),(3735,'Pisco Passion','1','Oz','Pisco'),(3737,'Pisco Passion','1/2','Oz','Apricot Brandy'),(3738,'Pisco Passion','1/2','Oz','Peach Schnapps'),(3736,'Pisco Passion','1/4','Oz','Absinthe'),(1301,'Planter\'s Punch','1 1/4','Oz','Dark Rum'),(1304,'Planter\'s Punch','1/2','Oz','Grenadine'),(1302,'Planter\'s Punch','1/2','Oz','Lime Mix 1'),(1303,'Planter\'s Punch','1/2','Oz','Simple Syrup'),(1305,'Planter\'s Punch','4','Oz','Orange Juice'),(1306,'Poinsettia','1/2','Oz','Triple Sec'),(1307,'Poinsettia','3','Oz','Champagne'),(1308,'Poinsettia','with',' ','Cranberry Juice'),(2303,'Pornstar Martini','1','ml','Ms. Better\'s Bitters Foamer'),(2299,'Pornstar Martini','1','Oz','Crème de Fruit de la Passion'),(2302,'Pornstar Martini','1','Oz','Passion Fruit Pureé 2'),(2298,'Pornstar Martini','1','Oz','Vanilla Vodka'),(2300,'Pornstar Martini','1/2','Oz','Gomme'),(2301,'Pornstar Martini','1/4','Oz','Lime Mix 1'),(2304,'Pornstar Martini','50','ml','Prosecco'),(3750,'Pornstar Martini (Legacy)','1','Dash','Grenadine'),(3749,'Pornstar Martini (Legacy)','1','Oz','Passion Fruit Pureé 1'),(3745,'Pornstar Martini (Legacy)','1','Oz','Vanilla Vodka'),(3746,'Pornstar Martini (Legacy)','1/2','Oz','Crème de Fruit de la Passion'),(3748,'Pornstar Martini (Legacy)','1/4','Oz','Gomme'),(3747,'Pornstar Martini (Legacy)','1/4','Oz','Lime Juice'),(3752,'Premium Iced Tea','1/2','Oz','Gin'),(3753,'Premium Iced Tea','1/2','Oz','Premium Vodka'),(3751,'Premium Iced Tea','1/2','Oz','Rum'),(3754,'Premium Iced Tea','1/2','Oz','Triple Sec'),(3755,'Premium Iced Tea','2','Oz','Sweet & Sour Mix 1'),(3756,'Premium Iced Tea','with',' ','Coke'),(3757,'Pretty \'n\' Pink','1','Oz','Spiced Rum'),(3762,'Pretty \'n\' Pink','1/2','Oz','Grenadine'),(3760,'Pretty \'n\' Pink','1/2','Scoop','Crushed Ice'),(3759,'Pretty \'n\' Pink','2','Scoops','Vanilla Ice Cream'),(3758,'Pretty \'n\' Pink','3','Oz','Piña Colada Mix'),(3761,'Pretty \'n\' Pink','3/4','Oz','Crème de Framboise'),(4491,'Pumpkin Colada','1','Oz','Cream of Coconut'),(4492,'Pumpkin Colada','1','Oz','Lime Mix 1'),(4490,'Pumpkin Colada','1','Oz','Pumpkin Spice Syrup'),(4493,'Pumpkin Colada','1 1/2','Oz','Pineapple Juice'),(4489,'Pumpkin Colada','1 1/2','Oz','Spiced Rum'),(4477,'Pumpkin Spiced Milkshake','2','Oz','Pumpkin Spice Syrup'),(4479,'Pumpkin Spiced Milkshake','2','Scoops','Orange Sorbet'),(4478,'Pumpkin Spiced Milkshake','3','Oz','Milk'),(4480,'Pumpkin Spiced Milkshake','3','Scoops','Vanilla Ice Cream'),(4481,'Pumpkin Spiced Milkshake (Small)','1','Oz','Pumpkin Spice Syrup'),(4483,'Pumpkin Spiced Milkshake (Small)','1','Scoop','Orange Sorbet'),(4482,'Pumpkin Spiced Milkshake (Small)','2','Oz','Milk'),(4484,'Pumpkin Spiced Milkshake (Small)','2','Scoops','Vanilla Ice Cream'),(4496,'Pumpkin Spiced Zombie','1','Oz','Lime Mix 1'),(4495,'Pumpkin Spiced Zombie','1','Oz','Pumpkin Spice Syrup'),(4494,'Pumpkin Spiced Zombie','1 1/2','Oz','Spiced Rum'),(4497,'Pumpkin Spiced Zombie','1/2','Oz','Grenadine'),(4498,'Pumpkin Spiced Zombie','4','Oz','Cranberry Juice'),(1917,'Purple Hooter','1','Oz','Vodka'),(1918,'Purple Hooter','1/2','Oz','Chambord'),(1919,'Purple Hooter','1/2','Oz','Lime Cordial'),(2447,'Purple Rain','1','Oz','Grenadine'),(2444,'Purple Rain','1/2','Oz','Blue Curaçao'),(2445,'Purple Rain','1/2','Oz','Chambord'),(2442,'Purple Rain','1/2','Oz','Rum'),(2443,'Purple Rain','1/2','Oz','Vodka'),(2446,'Purple Rain','5','Oz','Sweet & Sour Mix 2'),(1338,'Purple Rain (Legacy)','1/2','Oz','Blue Curaçao'),(1340,'Purple Rain (Legacy)','1/2','Oz','Chambord'),(1337,'Purple Rain (Legacy)','1/2','Oz','Rum'),(1339,'Purple Rain (Legacy)','1/2','Oz','Vodka'),(1341,'Purple Rain (Legacy)','3','Oz','Sweet & Sour Mix 1'),(1342,'Purple Rain (Legacy)','3/4','Oz','Grenadine'),(1334,'Pushkin','3/4','Oz','Gin'),(1335,'Pushkin','3/4','Oz','Vodka'),(1336,'Pushkin','3/4','Oz','White Cacao'),(3766,'Pussy Cat','1','Dash','Grenadine'),(3765,'Pussy Cat','1 1/2','Oz','Orange Juice'),(3764,'Pussy Cat','1 1/2','Oz','Sweet & Sour Mix 1'),(3763,'Pussy Cat','1 1/4','Oz','Bourbon Whiskey'),(3768,'Rainbow Sherbet','1/2','Oz','Crème de Banane'),(3767,'Rainbow Sherbet','1/2','Oz','Crème de Cantaloupe'),(3769,'Rainbow Sherbet','1/2','Oz','Crème de Fraise'),(3773,'Rainbow Sherbet','1/2','Scoop','Crushed Ice'),(3770,'Rainbow Sherbet','1/4','Oz','Grenadine'),(3771,'Rainbow Sherbet','2','Oz','Orange Juice'),(3772,'Rainbow Sherbet','2','Scoops','Orange Sorbet'),(3779,'Ramos Gin Fizz','1','ml','Orange Blossom Water'),(3780,'Ramos Gin Fizz','1','Scoop','Vanilla Ice Cream'),(3778,'Ramos Gin Fizz','1/2','Oz','Lemon Juice'),(3776,'Ramos Gin Fizz','1/2','Oz','Vanilla Syrup'),(3781,'Ramos Gin Fizz','1/2','Scoop','Crushed Ice'),(3775,'Ramos Gin Fizz','2','Oz','Half & Half'),(3774,'Ramos Gin Fizz','3/4','Oz','Gin'),(3777,'Ramos Gin Fizz','4','Bar Spoons','White Sugar (Granulated)'),(4041,'Raspberry Crush','1','Oz','Raspberry Pureé'),(4042,'Raspberry Crush','1 1/2','Oz','Cranberry Juice'),(4043,'Raspberry Crush','1 1/2','Oz','Sweet & Sour Mix 1'),(4045,'Raspberry Crush','1/2','Scoop','Crushed Ice'),(4044,'Raspberry Crush','2','Scoops','Orange Sorbet'),(2483,'Raspberry Fizz','1','Oz','Lemon Mix'),(2482,'Raspberry Fizz','1/2','Oz','Crème de Framboise'),(2484,'Raspberry Fizz','1/2','Oz','Gomme'),(2481,'Raspberry Fizz','3',' ','Raspberries'),(2485,'Raspberry Fizz','with',' ','Soda'),(3782,'Raspberry Flower','1 1/4','Oz','Raspberry Vodka'),(3783,'Raspberry Flower','1/2','Oz','Elderflower Cordial'),(3784,'Raspberry Flower','2','Oz','Apple Juice'),(3785,'Raspberry Flower','2','Oz','Cranberry Juice'),(2261,'Raspberry Pureé','Required amount',' ','Frozen Raspberry Pieces'),(2127,'Raspberry Sublime','1/2','Oz','Elderflower Cordial'),(2126,'Raspberry Sublime','1/2','Oz','Lime Mix 1'),(2124,'Raspberry Sublime','1/2','Oz','Raspberry Pureé'),(2125,'Raspberry Sublime','12',' ','Mint Leaves'),(2128,'Raspberry Sublime','with',' ','Soda'),(3787,'Raspberry Tart','1','Oz','Chambord'),(3788,'Raspberry Tart','1','Oz','Crème de Framboise'),(3786,'Raspberry Tart','1','Oz','Raspberry Pureé'),(3790,'Raspberry Tart','1/2','Scoop','Crushed Ice'),(3789,'Raspberry Tart','2','Scoops','Vanilla Ice Cream'),(3794,'Raspberry Watkins','1','Dash','Grenadine'),(3793,'Raspberry Watkins','1','Oz','Chambord'),(3791,'Raspberry Watkins','1 1/4','Oz','Vodka'),(3792,'Raspberry Watkins','1/4','Oz','Lime Cordial'),(3795,'Raspberry Watkins','with',' ','Soda'),(3797,'Razzbaretto','1','Oz','Amaretto'),(3796,'Razzbaretto','1','Oz','Chambord'),(3798,'Razzbaretto','1','Oz','Half & Half'),(3800,'Razzbaretto','1/2','Scoop','Crushed Ice'),(3799,'Razzbaretto','2','Scoops','Vanilla Ice Cream'),(1381,'Red Army','1 1/4','Oz','Vodka'),(1382,'Red Army','1/2','Oz','Crème de Framboise'),(1384,'Red Army','1/4','Oz','Gomme'),(1383,'Red Army','1/4','Oz','Lime Juice'),(1380,'Red Army','3/4','Oz','Raspberry Pureé'),(3801,'Red Lion Cocktail','1','Oz','Gin'),(3802,'Red Lion Cocktail','1','Oz','Grand Marnier'),(3803,'Red Lion Cocktail','1/2','Oz','Lemon Juice'),(3804,'Red Lion Cocktail','1/2','Oz','Orange Juice'),(3806,'Red Velvet','1','Oz','Coconut Rum'),(3807,'Red Velvet','1/2','Oz','Rum'),(3808,'Red Velvet','1/4','Oz','Crème de Framboise'),(3810,'Red Velvet','1/4','Oz','Gomme'),(3809,'Red Velvet','1/4','Oz','Lime Juice'),(3805,'Red Velvet','3/4','Oz','Raspberry Pureé'),(3811,'Red Velvet','with',' ','Friday\'s Foam'),(3812,'Root Beer Float','1','Oz','Kahlua'),(3813,'Root Beer Float','1','Oz','Licor 43'),(3814,'Root Beer Float','1','Scoop','Vanilla Ice Cream'),(3815,'Root Beer Float','with',' ','Coke Zero'),(1922,'Root Beer Shooter','1','Dash','Coke Zero'),(1921,'Root Beer Shooter','3/4','Oz','Kahlua'),(1920,'Root Beer Shooter','3/4','Oz','Licor 43'),(1393,'Royal Kir','1/2','Oz','Chambord'),(1394,'Royal Kir','4','Oz','Champagne'),(3818,'Royaltini','1','Oz','Apple Juice'),(3820,'Royaltini','1','Oz','Champagne'),(3819,'Royaltini','1/2','Oz','Gomme'),(3817,'Royaltini','2','Oz','Raspberry Vodka'),(3816,'Royaltini','5',' ','Blackberries'),(3822,'Rum Might Say','1 1/4','Oz','Rum'),(3824,'Rum Might Say','1/2','Oz','Grenadine'),(3823,'Rum Might Say','1/2','Oz','Licor 43'),(3826,'Rum Might Say','1/2','Oz','Passion Fruit Juice'),(3825,'Rum Might Say','2','Oz','Apple Juice'),(3821,'Rum Might Say','3/4','Oz','Raspberry Pureé'),(3830,'Rum Runner','1','Oz','Grenadine'),(3832,'Rum Runner','1 1/2','Scoops','Crushed Ice'),(3833,'Rum Runner','1/2','Oz','Gold Rum'),(3831,'Rum Runner','2','Oz','Sweet & Sour Mix 1'),(3828,'Rum Runner','3/4','Oz','Crème de Banane'),(3827,'Rum Runner','3/4','Oz','Crème de Mûre'),(3829,'Rum Runner','3/4','Oz','Dark Rum'),(3834,'Rumcooler','1 1/4','Oz','Gold Rum'),(3835,'Rumcooler','2','Oz','Pineapple Juice'),(3836,'Rumcooler','with',' ','Lemonade'),(1925,'Russian Quaalude','1/2','Oz','Baileys Irish Cream'),(1924,'Russian Quaalude','1/2','Oz','Frangelico'),(1923,'Russian Quaalude','1/2','Oz','Vodka'),(1439,'Russian Spring Punch','1 1/4','Oz','Vodka'),(1442,'Russian Spring Punch','1/2','Oz','Gomme'),(1440,'Russian Spring Punch','3/4','Oz','Crème de Cassis'),(1441,'Russian Spring Punch','3/4','Oz','Lemon Juice'),(1443,'Russian Spring Punch','with',' ','Champagne'),(1437,'Rusty Nail','1 1/2','Oz','Scotch Whiskey'),(1438,'Rusty Nail','3/4','Oz','Scotch Whiskey Liqueur'),(1444,'Saint Clements','3','Oz','Orange Juice'),(1445,'Saint Clements','with',' ','Bitter Lemon'),(1458,'Salty Dog (Gin)','1 1/4','Oz','Gin'),(1459,'Salty Dog (Gin)','4','Oz','Grapefruit Juice'),(1456,'Salty Dog (Vodka)','1 1/4','Oz','Vodka'),(1457,'Salty Dog (Vodka)','4','Oz','Grapefruit Juice'),(4107,'San Francisco','1','Oz','Cherry Syrup'),(4106,'San Francisco','2','Oz','Lime Mix 1'),(4105,'San Francisco','2','Oz','Sweet & Sour Mix 1'),(4108,'San Francisco','with',' ','Soda'),(3837,'Sandy Moat','1','Oz','Vodka'),(3838,'Sandy Moat','1/2','Oz','Crème de Cantaloupe'),(3840,'Sandy Moat','1/2','Oz','Simple Syrup'),(3839,'Sandy Moat','1/4','Oz','Grand Marnier'),(3841,'Sandy Moat','4','Oz','Apple Juice'),(1471,'Sangria - Red','1/2','Oz','Cherry Syrup'),(1470,'Sangria - Red','1/2','Oz','Orange Juice'),(1469,'Sangria - Red','4','Oz','Red Wine'),(1472,'Sangria - Red','with',' ','Lemonade'),(1477,'Sangria - White','1',' ','Lemon Squeeze (Fruit Discarded)'),(1476,'Sangria - White','1',' ','Orange Squeeze (Fruit Discarded)'),(1474,'Sangria - White','1/4','Oz','Lemon Juice'),(1475,'Sangria - White','1/4','Oz','Simple Syrup'),(1473,'Sangria - White','4','Oz','White Wine'),(1478,'Sangria - White','with',' ','Lemonade'),(3842,'Sante Fe Sunset','1','Oz','Tequila'),(3844,'Sante Fe Sunset','1 1/2','Oz','Lime Mix 2'),(3845,'Sante Fe Sunset','1 1/2','Oz','Sweet & Sour Mix 1'),(3846,'Sante Fe Sunset','1 1/2','Scoops','Crushed Ice'),(3843,'Sante Fe Sunset','1/2','Oz','Triple Sec'),(3847,'Sante Fe Sunset','2','Oz','Strawberry Pureé'),(3851,'Sazerac','1','Dash','Angostura Bitters'),(3848,'Sazerac','1 1/2','Oz','Bourbon Whiskey'),(3849,'Sazerac','1/2','Oz','Simple Syrup'),(3850,'Sazerac','2','Dashes','Peychaud\'s Bitters'),(1490,'Scarlett O\'Hara','1','Oz','Cranberry Juice'),(1489,'Scarlett O\'Hara','1 1/4','Oz','Southern Comfort'),(1491,'Scarlett O\'Hara','1/2','Oz','Lime Mix 1'),(1926,'Schanpple Shooter','1','Oz','Cinnamon Schnapps'),(1927,'Schanpple Shooter','1/2','Oz','Apple Juice'),(1928,'Schanpple Shooter','1/2','Oz','Cranberry Juice'),(3856,'Scorpion','1','Scoop','Crushed Ice'),(3852,'Scorpion','1 1/4','Oz','Rum'),(3855,'Scorpion','2','Oz','Sweet & Sour Mix 1'),(3854,'Scorpion','2 1/2','Oz','Orange Juice'),(3853,'Scorpion','3/4','Oz','Brandy'),(1499,'Screaming Orgasm (Cocktail)','1/2','Oz','Amaretto'),(1500,'Screaming Orgasm (Cocktail)','1/2','Oz','Baileys Irish Cream'),(1498,'Screaming Orgasm (Cocktail)','1/2','Oz','Kahlua'),(1497,'Screaming Orgasm (Cocktail)','1/2','Oz','Vodka'),(1501,'Screaming Orgasm (Cocktail)','3','Oz','Half & Half'),(1932,'Screaming Orgasm (Shooter)','1/2','Oz','Amaretto'),(1930,'Screaming Orgasm (Shooter)','1/2','Oz','Baileys Irish Cream'),(1931,'Screaming Orgasm (Shooter)','1/2','Oz','Kahlua'),(1929,'Screaming Orgasm (Shooter)','1/2','Oz','Vodka'),(1502,'Screwdriver','1 1/4','Oz','Vodka'),(1503,'Screwdriver','4','Oz','Orange Juice'),(3857,'Seabreeze','1 1/4','Oz','Vodka'),(3858,'Seabreeze','2','Oz','Cranberry Juice'),(3859,'Seabreeze','2','Oz','Grapefruit Juice'),(2104,'Sensibull','1','Oz','Apple Juice'),(2105,'Sensibull','1','Oz','Sweet & Sour Mix 1'),(2106,'Sensibull','with',' ','Red Bull'),(4594,'Sesame Chicken Strips (Starter)','1','g','Parsley (Chopped)'),(4589,'Sesame Chicken Strips (Starter)','170','g','Chicken Strips'),(4591,'Sesame Chicken Strips (Starter)','20','g','Iceberg Lettuce (Shredded)'),(4593,'Sesame Chicken Strips (Starter)','3','g','Toasted Sesame & Chilli Flakes Mix'),(4592,'Sesame Chicken Strips (Starter)','5','g','Roquette'),(4595,'Sesame Chicken Strips (Starter)','5','ml','Red Wine & Vinegar Dressing'),(4590,'Sesame Chicken Strips (Starter)','75','g','Jack Daniels Glaze'),(1510,'Sex on the Beach','1 1/2','Oz','Cranberry Juice'),(1511,'Sex on the Beach','1 1/2','Oz','Pineapple Juice'),(1507,'Sex on the Beach','3/4','Oz','Chambord'),(1509,'Sex on the Beach','3/4','Oz','Crème de Cantaloupe'),(1508,'Sex on the Beach','3/4','Oz','Vodka'),(3983,'Shambulls','1 1/2','Oz','Champagne'),(3982,'Shambulls','3/4','Oz','Chambord'),(3984,'Shambulls','with',' ','Red Bull'),(4604,'Shell-On Garlic & Chilli King Prawns','1/2',' ','Lemon'),(4601,'Shell-On Garlic & Chilli King Prawns','10','g','Butter'),(4602,'Shell-On Garlic & Chilli King Prawns','20','g','Roquette'),(4605,'Shell-On Garlic & Chilli King Prawns','30','ml','Elote Cream'),(4599,'Shell-On Garlic & Chilli King Prawns','5',' ','Shell-On King Prawns'),(4603,'Shell-On Garlic & Chilli King Prawns','5','g','Red Wine & Vinegar Dressing'),(4600,'Shell-On Garlic & Chilli King Prawns','5','ml','Lemon Juice'),(2234,'Shirley Temple','1','Oz','Grenadine'),(2235,'Shirley Temple','with',' ','Lemonade'),(1513,'Sicilian Kiss','3/4','Oz','Amaretto'),(1512,'Sicilian Kiss','3/4','Oz','Southern Comfort'),(1514,'Side Car','1','Oz','Brandy'),(1516,'Side Car','1','Oz','Lemon Juice'),(1515,'Side Car','1','Oz','Triple Sec'),(3861,'Silver Bullet','1','Dash','Scotch Whiskey'),(3860,'Silver Bullet','2','Oz','Gin'),(2429,'Silver Mercedes','1 1/2','Oz','Prosecco'),(2425,'Silver Mercedes','1 1/4','Oz','Vodka'),(2426,'Silver Mercedes','2','Oz','Orange Juice'),(2427,'Silver Mercedes','2','Scoops','Orange Sorbet'),(2428,'Silver Mercedes','3/4','Scoop','Crushed Ice'),(3866,'Silver Mercedes (Legacy)','1 1/2','Oz','Prosecco'),(3862,'Silver Mercedes (Legacy)','1 1/4','Oz','Vodka'),(3865,'Silver Mercedes (Legacy)','1/2','Scoop','Crushed Ice'),(3863,'Silver Mercedes (Legacy)','2','Oz','Cranberry Juice'),(3864,'Silver Mercedes (Legacy)','2','Scoops','Orange Sorbet'),(4250,'Simple Syrup','2','kg','White Sugar (Granulated)'),(4249,'Simple Syrup','2','L','Water'),(4559,'Simply Cheese Potato Skins','3',' ','Half Potato Skins'),(4562,'Simply Cheese Potato Skins','30','ml','Sour Cream'),(4560,'Simply Cheese Potato Skins','6','g','Fry Seasoning'),(4563,'Simply Cheese Potato Skins','6','g','Spring Onion (Sliced)'),(4561,'Simply Cheese Potato Skins','60','g','Colby Cheese (Grated)'),(3867,'Singapore Sling','1 1/4','Oz','Gin'),(3868,'Singapore Sling','1/2','Oz','Cherry Brandy'),(3869,'Singapore Sling','1/2','Oz','Grenadine'),(3870,'Singapore Sling','2','Oz','Sweet & Sour Mix 1'),(3871,'Singapore Sling','with',' ','Soda'),(3872,'Sinner Clements','1 1/4','Oz','Gin'),(3873,'Sinner Clements','1/2','Oz','Citrus Vodka'),(3875,'Sinner Clements','1/2','Oz','Lemon Juice'),(3874,'Sinner Clements','2','Oz','Orange Juice'),(3876,'Sinner Clements','with',' ','Bitter Lemon'),(3882,'Skyy High Elderberry','1 1/4','Oz','Skyy'),(3883,'Skyy High Elderberry','1/2','Oz','Crème de Mûre'),(3884,'Skyy High Elderberry','1/2','Oz','Elderflower Cordial'),(3885,'Skyy High Elderberry','1/2','Oz','Gomme'),(3887,'Skyy High Elderberry','2','Oz','Apple Juice'),(3886,'Skyy High Elderberry','3/4','Oz','Lemon Juice'),(1934,'Slippery Nipple','3/4','Oz','Baileys Irish Cream'),(1933,'Slippery Nipple','3/4','Oz','Sambuca'),(1557,'Smith & Kearns','1','Oz','Half & Half'),(1556,'Smith & Kearns','1 1/2','Oz','Dark Cacao'),(1558,'Smith & Kearns','with',' ','Soda'),(3890,'Snow Bear','1','Oz','Half & Half'),(3889,'Snow Bear','1 1/2','Oz','Vanilla Syrup'),(3892,'Snow Bear','1 1/2','Scoops','Crushed Ice'),(3888,'Snow Bear','1 1/4','Oz','Amaretto'),(3891,'Snow Bear','2','Scoops','Vanilla Ice Cream'),(4057,'Sober Loader','1','Oz','Cranberry Juice'),(4053,'Sober Loader','1/2','Oz','Elderflower Cordial'),(4052,'Sober Loader','1/2','Passion Fruit of','Passion Fruit Seeds'),(4056,'Sober Loader','1/2','Scoop','Crushed Ice'),(4054,'Sober Loader','2','Oz','Passion Fruit Juice'),(4055,'Sober Loader','2','Scoops','Orange Sorbet'),(1565,'Sombrero','1','Oz','Half & Half'),(1564,'Sombrero','1 1/2','Oz','Kahlua'),(3904,'Sours','1','Dash','Angostura Bitters'),(3903,'Sours','1','Oz','Orange Juice'),(3901,'Sours','1 1/4','Oz','Triple Sec'),(3902,'Sours','2','Oz','Sweet & Sour Mix 1'),(3896,'Sours - Apple','1','Dash','Angostura Bitters'),(3895,'Sours - Apple','1','Oz','Orange Juice'),(3893,'Sours - Apple','1 1/4','Oz','Apple Schnapps'),(3894,'Sours - Apple','2','Oz','Sweet & Sour Mix 1'),(3900,'Sours - Butterscotch','1','Dash','Angostura Bitters'),(3899,'Sours - Butterscotch','1','Oz','Orange Juice'),(3897,'Sours - Butterscotch','1 1/4','Oz','Butterscotch Schnapps'),(3898,'Sours - Butterscotch','2','Oz','Sweet & Sour Mix 1'),(3908,'Sours - Peach','1','Dash','Angostura Bitters'),(3907,'Sours - Peach','1','Oz','Orange Juice'),(3905,'Sours - Peach','1 1/4','Oz','Peach Schnapps'),(3906,'Sours - Peach','2','Oz','Sweet & Sour Mix 1'),(1584,'Southern Berry','1 1/4','Oz','Jack Daniels'),(1585,'Southern Berry','1/2','Oz','Crème de Fruit de la Passion'),(1587,'Southern Berry','1/2','Oz','Gomme'),(1588,'Southern Berry','1/2','Oz','Passion Fruit Juice'),(1586,'Southern Berry','1/4','Oz','Crème de Framboise'),(1582,'Southern Berry','12',' ','Mint Leaves'),(1583,'Southern Berry','3/4','Oz','Raspberry Pureé'),(1938,'Southern Peach','3/4','Oz','Peach Schnapps'),(1937,'Southern Peach','3/4','Oz','Southern Comfort'),(3911,'Spanish Coffee','1','Bar Spoon','White Sugar (Granulated)'),(3909,'Spanish Coffee','3/4','Oz','Brandy'),(3910,'Spanish Coffee','3/4','Oz','Kahlua'),(3912,'Spanish Coffee','with',' ','Hot Coffee'),(1936,'Springbok','3/4','Oz','Baileys Irish Cream'),(1935,'Springbok','3/4','Oz','Crème de Menthe'),(1592,'Spritzer','6','Oz','White Wine'),(1593,'Spritzer','with',' ','Soda'),(1594,'St. Moritz','1 1/2','Oz','Chambord'),(1595,'Stinger','1 1/2','Oz','Brandy'),(1596,'Stinger','3/4','Oz','Créme de Menthe Blanche'),(4708,'Strawberry Cooler','1','Oz','Apple Juice'),(4707,'Strawberry Cooler','1','Oz','Pineapple Juice'),(4706,'Strawberry Cooler','1','Oz','Soda'),(4709,'Strawberry Cooler','1','Oz','Strawberry Pureé'),(3915,'Strawberry Decathlon','1','Oz','Simple Syrup'),(3914,'Strawberry Decathlon','1 1/4','Oz','Vodka'),(3918,'Strawberry Decathlon','1/2','Scoop','Crushed Ice'),(3916,'Strawberry Decathlon','2','Dashes','Cinnamon'),(3913,'Strawberry Decathlon','2','Oz','Strawberry Pureé'),(3917,'Strawberry Decathlon','2','Scoops','Vanilla Ice Cream'),(4124,'Strawberry Fields','1/2','Oz','Elderflower Cordial'),(4126,'Strawberry Fields','1/2','Oz','Lemon Juice'),(4125,'Strawberry Fields','1/2','Oz','Vanilla Syrup'),(4123,'Strawberry Fields','2','Oz','Apple Juice'),(4122,'Strawberry Fields','2','Oz','Strawberry Pureé'),(4127,'Strawberry Fields','with',' ','Soda'),(4327,'Strawberry Malt','2','Oz','Strawberry Pureé'),(4328,'Strawberry Malt','3 1/2','Oz','Milk'),(4330,'Strawberry Malt','4','Bar Spoons','Malt'),(4329,'Strawberry Malt','5','Scoops','Vanilla Ice Cream'),(4368,'Strawberry Malt (Small)','2','Oz','Milk'),(4369,'Strawberry Malt (Small)','2','Oz','Strawberry Pureé'),(4370,'Strawberry Malt (Small)','3','Scoops','Vanilla Ice Cream'),(4371,'Strawberry Malt (Small)','4','Bar Spoons','Malt'),(2245,'Strawberry Milk','1 1/2','Oz','Strawberry Pureé'),(2244,'Strawberry Milk','10','Oz','Milk'),(1969,'Strawberry Milk (Small)','150','ml','Milk'),(1970,'Strawberry Milk (Small)','20','ml','Strawberry Pureé'),(2206,'Strawberry Milkshake','2','Oz','Strawberry Pureé'),(2207,'Strawberry Milkshake','3 1/2','Oz','Milk'),(2208,'Strawberry Milkshake','5','Scoops','Vanilla Ice Cream'),(2166,'Strawberry Milkshake (Small)','2','Oz','Milk'),(2165,'Strawberry Milkshake (Small)','2','Oz','Strawberry Pureé'),(2167,'Strawberry Milkshake (Small)','3','Scoops','Vanilla Ice Cream'),(3920,'Strawberry Mint','1','Oz','Crème de Fraise'),(3921,'Strawberry Mint','1','Oz','Créme de Menthe Blanche'),(3923,'Strawberry Mint','1/2','Scoop','Crushed Ice'),(3919,'Strawberry Mint','2','Oz','Strawberry Pureé'),(3922,'Strawberry Mint','2','Scoops','Vanilla Ice Cream'),(2278,'Strawberry Pureé','1','kg','Frozen Strawberries'),(2279,'Strawberry Pureé','100','g','White Sugar (Granulated)'),(3925,'Strawberry Shortcake','1 1/4','Oz','Amaretto'),(3926,'Strawberry Shortcake','1/2','Oz','Vanilla Syrup'),(3928,'Strawberry Shortcake','1/2','Scoop','Crushed Ice'),(3924,'Strawberry Shortcake','2','Oz','Strawberry Pureé'),(3927,'Strawberry Shortcake','2','Scoops','Vanilla Ice Cream'),(1976,'Strawberry Slush','1','Oz','Strawberry Pureé'),(1977,'Strawberry Slush','1/4','Oz','Lemon Juice'),(1978,'Strawberry Slush','with',' ','Lemonade'),(4111,'Strawberry Surprise','1/2','Oz','Pineapple Juice'),(4110,'Strawberry Surprise','2','Oz','Apple Juice'),(4109,'Strawberry Surprise','2','Oz','Strawberry Pureé'),(4112,'Strawberry Surprise','with',' ','Soda'),(4048,'Summer Cyclist','1','Oz','Pineapple Juice'),(4049,'Summer Cyclist','1','Scoop','Orange Sorbet'),(4051,'Summer Cyclist','1 1/2','Oz','Soda'),(4047,'Summer Cyclist','1 3/4','Oz','Grapefruit Juice'),(4050,'Summer Cyclist','1/2','Scoop','Crushed Ice'),(4046,'Summer Cyclist','2','Oz','Strawberry Pureé'),(3933,'Summer Peach','1 1/2','Oz','Cranberry Juice'),(3929,'Summer Peach','1 1/4','Oz','Peach Schnapps'),(3932,'Summer Peach','1/2','Scoop','Crushed Ice'),(3930,'Summer Peach','2','Oz','Orange Juice'),(3931,'Summer Peach','2','Scoops','Orange Sorbet'),(1619,'Sunblock','1','Oz','Triple Sec'),(1620,'Sunblock','1 1/2','Oz','Cranberry Juice'),(1621,'Sunblock','1 1/2','Oz','Grapefruit Juice'),(1618,'Sunblock','1 1/4','Oz','Vodka'),(1623,'Sunburn','1','Oz','Triple Sec'),(1622,'Sunburn','1 1/4','Oz','Tequila'),(1624,'Sunburn','3','Oz','Cranberry Juice'),(1628,'Sunset Boulevard','1','Oz','Orange Juice'),(1625,'Sunset Boulevard','1 1/4','Oz','Vodka'),(1627,'Sunset Boulevard','2 1/2','Oz','Cranberry Juice'),(1626,'Sunset Boulevard','3/4','Oz','Peach Schnapps'),(1630,'Sunstroke','1','Oz','Triple Sec'),(1629,'Sunstroke','1 1/4','Oz','Vodka'),(1631,'Sunstroke','3','Oz','Grapefruit Juice'),(2275,'Sweet & Sour Mix (Skinny)','125','g','Sugar-Free Sweetener'),(2273,'Sweet & Sour Mix (Skinny)','250','ml','Lemon Juice'),(2274,'Sweet & Sour Mix (Skinny)','250','ml','Lime Juice'),(2277,'Sweet & Sour Mix (Skinny)','30','ml','Agave Syrup'),(2276,'Sweet & Sour Mix (Skinny)','340','ml','Water'),(4251,'Sweet & Sour Mix 1','1.5','L','Simple Syrup'),(4254,'Sweet & Sour Mix 1','150','ml','Lime Juice'),(4253,'Sweet & Sour Mix 1','450','ml','Orange Juice'),(4252,'Sweet & Sour Mix 1','900','ml','Lemon Juice'),(4544,'Sweet & Sour Mix 2','1.5','L','Lemon Juice'),(4547,'Sweet & Sour Mix 2','120','ml','Vanilla Syrup'),(4546,'Sweet & Sour Mix 2','600','ml','Simple Syrup'),(4545,'Sweet & Sour Mix 2','750','ml','Lime Juice'),(2492,'Sweet By Choice','1','Oz','Lime Mix 1'),(2490,'Sweet By Choice','1','Oz','Passion Fruit Syrup'),(2489,'Sweet By Choice','3',' ','Raspberries'),(2491,'Sweet By Choice','4','Oz','Apple Juice'),(1639,'Sweet Tart','1 1/4','Oz','Crème de Mûre'),(1640,'Sweet Tart','3','Oz','Sweet & Sour Mix 1'),(1641,'Sweet Tart','with',' ','Lemonade'),(3938,'Sweetheart','1','Oz','Grapefruit Juice'),(3937,'Sweetheart','1','Oz','Passion Fruit Juice'),(3935,'Sweetheart','1/2','Oz','Amaretto'),(3936,'Sweetheart','1/2','Oz','Tequila'),(3940,'Sweetheart','1/4','Oz','Blue Curaçao'),(3939,'Sweetheart','2','Oz','Apple Juice'),(3934,'Sweetheart','3/4','Oz','Spiced Rum'),(3945,'Tennessee Berry Mule','1','Oz','Raspberry Pureé'),(3941,'Tennessee Berry Mule','1 1/4','Oz','Jack Daniels'),(3942,'Tennessee Berry Mule','1/2','Oz','Amaretto'),(3943,'Tennessee Berry Mule','1/2','Oz','Simple Syrup'),(3944,'Tennessee Berry Mule','2','Oz','Cranberry Juice'),(3946,'Tennessee Berry Mule','with',' ','Ginger Beer'),(1650,'Tennessee Runway','1 1/2','Oz','Apple Juice'),(1648,'Tennessee Runway','1 1/4','Oz','Jack Daniels'),(1649,'Tennessee Runway','1/2','Oz','Vanilla Syrup'),(1651,'Tennessee Runway','with',' ','Red Bull'),(1652,'Tennessee Rush','1 1/4','Oz','Jack Daniels'),(1656,'Tennessee Rush','1/2','Oz','Gomme'),(1653,'Tennessee Rush','1/2','Oz','Grand Marnier'),(1655,'Tennessee Rush','1/2','Oz','Lime Juice'),(1654,'Tennessee Rush','3','Oz','Cranberry Juice'),(3948,'Tennessee Tea','1/2','Oz','Jack Daniels'),(3947,'Tennessee Tea','1/2','Oz','Rum'),(3950,'Tennessee Tea','1/2','Oz','Triple Sec'),(3949,'Tennessee Tea','1/2','Oz','Vodka'),(3951,'Tennessee Tea','2','Oz','Sweet & Sour Mix 1'),(3952,'Tennessee Tea','with',' ','Coke Zero'),(1663,'Tequila Maria','1 1/4','Oz','Tequila'),(1664,'Tequila Maria','4','Oz','Spiced Tomato Mix'),(2323,'Tequila Sunrise','1','Oz','Orange Juice'),(2321,'Tequila Sunrise','1 1/2','Oz','Tequila'),(2326,'Tequila Sunrise','1/2','Oz','Grenadine'),(2322,'Tequila Sunrise','1/2','Oz','Triple Sec'),(2324,'Tequila Sunrise','2','Scoops','Orange Sorbet'),(2325,'Tequila Sunrise','3/4','Scoop','Crushed Ice'),(1665,'Tequila Sunrise (Legacy)','1 1/4','Oz','Tequila'),(1667,'Tequila Sunrise (Legacy)','1/2','Oz','Grenadine'),(1666,'Tequila Sunrise (Legacy)','5','Oz','Orange Juice'),(3953,'Texas Iced Tea','1/2','Oz','Rum'),(3954,'Texas Iced Tea','1/2','Oz','Tequila'),(3956,'Texas Iced Tea','1/2','Oz','Triple Sec'),(3955,'Texas Iced Tea','1/2','Oz','Vodka'),(3957,'Texas Iced Tea','2','Oz','Sweet & Sour Mix 1'),(3958,'Texas Iced Tea','with',' ','Coke Zero'),(4529,'The Botanist Serve','1','Bottle of','London Essence Blood Orange & Elderflower'),(4528,'The Botanist Serve','1','Oz','The Botanist Islay Dry Gin'),(4682,'Times Square Big Share','1','g','Regato Cheese'),(4672,'Times Square Big Share','100','ml','Jack Daniels Glaze'),(4673,'Times Square Big Share','2','g','Toasted Sesame & Chilli Flakes Mix'),(4677,'Times Square Big Share','20','g','Candied Maple Bacon'),(4683,'Times Square Big Share','30','ml','Basil Pesto Mayo'),(4681,'Times Square Big Share','30','ml','Marinara Sauce'),(4678,'Times Square Big Share','30','ml','Sour Cream'),(4674,'Times Square Big Share','4',' ','Half Potato Skins'),(4684,'Times Square Big Share','4',' ','Triple Joint Chicken Wings'),(4680,'Times Square Big Share','6',' ','Mozzarella Dippers'),(4679,'Times Square Big Share','6','g','Spring Onion (Sliced)'),(4675,'Times Square Big Share','8','g','Fry Seasoning'),(4676,'Times Square Big Share','80','g','Colby Cheese (Grated)'),(1676,'Toasted Almond','1','Oz','Half & Half'),(1674,'Toasted Almond','3/4','Oz','Amaretto'),(1675,'Toasted Almond','3/4','Oz','Kahlua'),(3960,'Tokyo Iced Tea','1/2','Oz','Crème de Cantaloupe'),(3959,'Tokyo Iced Tea','1/2','Oz','Rum'),(3961,'Tokyo Iced Tea','1/2','Oz','Triple Sec'),(3962,'Tokyo Iced Tea','1/2','Oz','Vodka'),(3963,'Tokyo Iced Tea','2','Oz','Sweet & Sour Mix 1'),(3964,'Tokyo Iced Tea','with',' ','Lemonade'),(1683,'Tom Collins','1 1/4','Oz','Gin'),(1684,'Tom Collins','3','Oz','Sweet & Sour Mix 1'),(1685,'Tom Collins','with',' ','Soda'),(1687,'Torrance Coffee','3/4','Oz','Baileys Irish Cream'),(1686,'Torrance Coffee','3/4','Oz','Crème de Menthe'),(1688,'Torrance Coffee','with',' ','Hot Coffee'),(1692,'Total Eclipse','1','Oz','Lime Mix 1'),(1691,'Total Eclipse','1 1/2','Oz','Cranberry Juice'),(1690,'Total Eclipse','1 1/2','Oz','Passion Fruit Juice'),(1689,'Total Eclipse','1 1/4','Oz','Rum'),(1941,'Tribbble','1/2','Oz','Baileys Irish Cream'),(1939,'Tribbble','1/2','Oz','Butterscotch Schnapps'),(1940,'Tribbble','1/2','Oz','Crème de Banane'),(1694,'Tropical Blend','1','Oz','Crème de Banane'),(1693,'Tropical Blend','1','Oz','Crème de Cantaloupe'),(1696,'Tropical Blend','1 1/2','Scoops','Crushed Ice'),(1695,'Tropical Blend','3','Oz','Piña Colada Mix'),(3969,'Tropical Delight','1','Scoop','Orange Sorbet'),(3968,'Tropical Delight','1','Scoop','Vanilla Ice Cream'),(3966,'Tropical Delight','1 1/4','Oz','Rum'),(3965,'Tropical Delight','1/2',' ','(Ripe) Banana'),(3970,'Tropical Delight','1/2','Scoop','Crushed Ice'),(3967,'Tropical Delight','2','Oz','Piña Colada Mix'),(2359,'Tropical Rumbull','1','Oz','Passion Fruit Pureé 2'),(2358,'Tropical Rumbull','1 1/2','Oz','Spiced Rum'),(2361,'Tropical Rumbull','1/2','Oz','Grenadine'),(2360,'Tropical Rumbull','1/2','Oz','Lime Mix 1'),(2362,'Tropical Rumbull','with',' ','Red Bull Tropical Edition'),(2047,'Tropical Runner','1','Scoop','Crushed Ice'),(2044,'Tropical Runner','1/2',' ','(Ripe) Banana'),(2046,'Tropical Runner','3','Oz','Piña Colada Mix'),(2045,'Tropical Runner','6',' ','Pineapple Chunks'),(4129,'Tropical Sunshine','1','Oz','Orange Juice'),(4131,'Tropical Sunshine','1','Oz','Passion Fruit Pureé 1'),(4130,'Tropical Sunshine','1/2','Oz','Sweet & Sour Mix 1'),(4128,'Tropical Sunshine','2','Oz','Pineapple Juice'),(4132,'Tropical Sunshine','with',' ','Soda'),(3975,'Turkish Delight','1','Dash','Chocolate Bitters'),(3971,'Turkish Delight','1 1/2','Oz','Hendrick\'s'),(3974,'Turkish Delight','1/2','Oz','Grenadine'),(3972,'Turkish Delight','1/2','Oz','White Cacao'),(3973,'Turkish Delight','3/4','Oz','Rose Syrup'),(3976,'Turkish Delight','with',' ','Friday\'s Foam'),(1706,'Turquoise Blue','1','Oz','Sweet & Sour Mix 1'),(1707,'Turquoise Blue','1 1/2','Oz','Pineapple Juice'),(1703,'Turquoise Blue','1 1/4','Oz','Rum'),(1705,'Turquoise Blue','1/2','Oz','Blue Curaçao'),(1704,'Turquoise Blue','1/2','Oz','Triple Sec'),(1709,'TVR','1','Oz','Tequila'),(1708,'TVR','1 1/4','Oz','Vodka'),(1710,'TVR','with',' ','Red Bull'),(1722,'Umpa Lumpa','3','Oz','Half & Half'),(1719,'Umpa Lumpa','3/4','Oz','Coconut Rum'),(1721,'Umpa Lumpa','3/4','Oz','Dark Cacao'),(1720,'Umpa Lumpa','3/4','Oz','Frangelico'),(1725,'Uncle Bulgaria','1 1/2','Oz','Sweet & Sour Mix 1'),(1723,'Uncle Bulgaria','1 1/4','Oz','Vodka'),(1724,'Uncle Bulgaria','1/2','Oz','Crème de Mûre'),(1726,'Uncle Bulgaria','with',' ','Champagne'),(1727,'Uncle Vanya','1 1/4','Oz','Vodka'),(1728,'Uncle Vanya','1/2','Oz','Crème de Mûre'),(1729,'Uncle Vanya','3','Oz','Sweet & Sour Mix 1'),(2372,'Uptown Manhattan','1','Oz','Sweet Vermouth'),(2373,'Uptown Manhattan','2','Dashes','Angostura Bitters'),(2371,'Uptown Manhattan','2','Oz','Whistlepig'),(2236,'Vanilla Cola','1','Oz','Vanilla Syrup'),(2237,'Vanilla Cola','with',' ','Coke'),(4331,'Vanilla Malt','1 1/2','Oz','Vanilla Syrup'),(4332,'Vanilla Malt','3 1/2','Oz','Milk'),(4334,'Vanilla Malt','4','Bar Spoons','Malt'),(4333,'Vanilla Malt','6','Scoops','Vanilla Ice Cream'),(2209,'Vanilla Milkshake','1 1/2','Oz','Vanilla Syrup'),(2210,'Vanilla Milkshake','3 1/2','Oz','Milk'),(2211,'Vanilla Milkshake','6','Scoops','Vanilla Ice Cream'),(4499,'Vanilla Milkshake (Small)','1','Oz','Vanilla Syrup'),(4500,'Vanilla Milkshake (Small)','2','Oz','Milk'),(4501,'Vanilla Milkshake (Small)','3','Scoops','Vanilla Ice Cream'),(3985,'Velvet Hammer (Frozen)','1','Oz','Triple Sec'),(3986,'Velvet Hammer (Frozen)','1','Oz','White Cacao'),(3989,'Velvet Hammer (Frozen)','1/2','Scoop','Crushed Ice'),(3988,'Velvet Hammer (Frozen)','2','Scoops','Vanilla Ice Cream'),(3987,'Velvet Hammer (Frozen)','3/4','Oz','Grenadine'),(1737,'Velvet Hammer (Up)','1','Dash','Grenadine'),(1738,'Velvet Hammer (Up)','1','Oz','Half & Half'),(1735,'Velvet Hammer (Up)','3/4','Oz','Triple Sec'),(1736,'Velvet Hammer (Up)','3/4','Oz','White Cacao'),(1739,'Vermouth Cassis','1 1/2','Oz','Dry Vermouth'),(1740,'Vermouth Cassis','3/4','Oz','Crème de Cassis'),(1741,'Vermouth Cassis','with',' ','Soda'),(1747,'Very Merry Berry','1','Scoop','Orange Sorbet'),(1746,'Very Merry Berry','1','Scoop','Vanilla Ice Cream'),(1749,'Very Merry Berry','1 1/2','Oz','Soda'),(1745,'Very Merry Berry','1/2','Oz','Orgeat Syrup'),(1748,'Very Merry Berry','1/2','Scoop','Crushed Ice'),(1744,'Very Merry Berry','3/4','Oz','Crème de Fraise'),(1743,'Very Merry Berry','3/4','Oz','Crème de Framboise'),(1742,'Very Merry Berry','3/4','Oz','Crème de Mûre'),(4439,'Virgin Mary','1/2','Oz','Lemon Mix'),(4436,'Virgin Mary','25','ml','Tabasco'),(4437,'Virgin Mary','25','ml','Worcestershire Sauce'),(4438,'Virgin Mary','28','g','Black Pepper & Celery Salt'),(4440,'Virgin Mary','with',' ','Spiced Tomato Mix'),(3992,'Vodka Punch','1','Dash','Grenadine'),(3990,'Vodka Punch','1 1/4','Oz','Vodka'),(3991,'Vodka Punch','2','Oz','Orange Juice'),(3993,'Vodka Punch','with',' ','Lemonade'),(1754,'Voodoo','1 1/4','Oz','Gold Rum'),(1758,'Voodoo','1/2','Oz','Gomme'),(1757,'Voodoo','1/2','Oz','Lime Juice'),(1755,'Voodoo','1/2','Oz','Sweet Vermouth'),(1756,'Voodoo','3','Oz','Apple Juice'),(1765,'Walk in the Tropics','1 1/2','Oz','Orange Juice'),(1766,'Walk in the Tropics','1 1/2','Oz','Pineapple Juice'),(1763,'Walk in the Tropics','1/2','Oz','Simple Syrup'),(1764,'Walk in the Tropics','1/4','Oz','Grenadine'),(1761,'Walk in the Tropics','3/4','Oz','Amaretto'),(1759,'Walk in the Tropics','3/4','Oz','Coconut Rum'),(1760,'Walk in the Tropics','3/4','Oz','Dark Rum'),(1762,'Walk in the Tropics','3/4','Oz','Lime Mix 1'),(1769,'Ward Eight','1','Dash','Grenadine'),(1767,'Ward Eight','1 1/4','Oz','Bourbon Whiskey'),(1768,'Ward Eight','3','Oz','Sweet & Sour Mix 1'),(1945,'Watermelon','1','Dash','Grenadine'),(1942,'Watermelon','1','Oz','Crème de Cantaloupe'),(1944,'Watermelon','1/2','Oz','Orange Juice'),(1943,'Watermelon','1/2','Oz','Vodka'),(1771,'Watermelon Cooler','1','Oz','Crème de Cantaloupe'),(1772,'Watermelon Cooler','1 1/2','Oz','Cranberry Juice'),(1773,'Watermelon Cooler','1 1/2','Oz','Orange Juice'),(1770,'Watermelon Cooler','1 1/4','Oz','Rum'),(1778,'West Indies Yellowbird','1 1/2','Oz','Orange Juice'),(1777,'West Indies Yellowbird','1 1/2','Oz','Pineapple Juice'),(1774,'West Indies Yellowbird','1 1/4','Oz','Rum'),(1776,'West Indies Yellowbird','1/2','Oz','Crème de Banane'),(1775,'West Indies Yellowbird','1/2','Oz','Licor 43'),(2378,'Whiskey Sour','1','ml','Ms. Better\'s Bitters Foamer'),(2377,'Whiskey Sour','2','Dashes','Angostura Bitters'),(2374,'Whiskey Sour','2','Oz','Four Roses'),(2376,'Whiskey Sour','3/4','Oz','Gomme'),(2375,'Whiskey Sour','3/4','Oz','Lemon Mix'),(3997,'Whiskey Sour (Legacy)','1','Dash','Angostura Bitters'),(3996,'Whiskey Sour (Legacy)','1','Oz','Orange Juice'),(3994,'Whiskey Sour (Legacy)','1 1/4','Oz','Bourbon Whiskey'),(3995,'Whiskey Sour (Legacy)','2','Oz','Sweet & Sour Mix 1'),(4001,'White Chocolate Martini','1','ml','Chocolate Bitters'),(3998,'White Chocolate Martini','1 1/2','Oz','Premium Vodka'),(3999,'White Chocolate Martini','1/2','Oz','White Cacao'),(4000,'White Chocolate Martini','1/4','Oz','Frangelico'),(4002,'White Chocolate Martini','2','Bar Spoons','Vanilla Syrup'),(1789,'White Russian','1','Oz','Half & Half'),(1787,'White Russian','1 1/2','Oz','Vodka'),(1788,'White Russian','3/4','Oz','Kahlua'),(1790,'White Spider','1 1/2','Oz','Vodka'),(1791,'White Spider','3/4','Oz','Créme de Menthe Blanche'),(1810,'Wine Cooler - Cranapple','1/2','Oz','Apple Juice'),(1811,'Wine Cooler - Cranapple','1/2','Oz','Cranberry Juice'),(1809,'Wine Cooler - Cranapple','5','Oz','White Wine'),(1812,'Wine Cooler - Cranapple','with',' ','Lemonade'),(1814,'Wine Cooler - Grapefruit','1/2','Oz','Grapefruit Juice'),(1813,'Wine Cooler - Grapefruit','5','Oz','White Wine'),(1815,'Wine Cooler - Grapefruit','with',' ','Lemonade'),(1799,'Wine Cooler - Orange','1/2','Oz','Orange Juice'),(1798,'Wine Cooler - Orange','5','Oz','White Wine'),(1800,'Wine Cooler - Orange','with',' ','Lemonade'),(1803,'Wine Cooler - Orange-Grapefruit','1/2','Oz','Grapefruit Juice'),(1802,'Wine Cooler - Orange-Grapefruit','1/2','Oz','Orange Juice'),(1801,'Wine Cooler - Orange-Grapefruit','5','Oz','White Wine'),(1804,'Wine Cooler - Orange-Grapefruit','with',' ','Lemonade'),(1796,'Wine Cooler (Red)','6','Oz','Red Wine'),(1797,'Wine Cooler (Red)','with',' ','Lemonade'),(1794,'Wine Cooler (Rosé)','6','Oz','Rosé Wine'),(1795,'Wine Cooler (Rosé)','with',' ','Lemonade'),(1792,'Wine Cooler (White)','6','Oz','White Wine'),(1793,'Wine Cooler (White)','with',' ','Lemonade'),(4472,'Winter in Lynchburg','1','Oz','Jack Daniels'),(4475,'Winter in Lynchburg','1/2','Oz','Apple Juice'),(4474,'Winter in Lynchburg','1/2','Oz','Lemon Mix'),(4473,'Winter in Lynchburg','3/4','Oz','Chambord'),(4476,'Winter in Lynchburg','with',' ','Lemonade'),(4007,'Wonderland Comfort','1','Oz','Apple Juice'),(4011,'Wonderland Comfort','1','Oz','Cranberry Juice'),(4006,'Wonderland Comfort','1','Oz','Passion Fruit Juice'),(4008,'Wonderland Comfort','1','Oz','Sweet & Sour Mix 1'),(4005,'Wonderland Comfort','1 1/2','Oz','Southern Comfort'),(4009,'Wonderland Comfort','1/4','Oz','Crème de Framboise'),(4010,'Wonderland Comfort','1/4','Oz','Limoncello'),(4004,'Wonderland Comfort','2',' ','Orange Slices'),(4003,'Wonderland Comfort','2',' ','Raspberries'),(1825,'Woo Woo','1','Oz','Peach Schnapps'),(1826,'Woo Woo','1','Oz','Vodka'),(1827,'Woo Woo','3','Oz','Cranberry Juice'),(1548,'Woo Woo (Skinny)','1','Oz','Skyy'),(1547,'Woo Woo (Skinny)','1/2','Oz','Peach Schnapps'),(1549,'Woo Woo (Skinny)','3','Oz','Cranberry Juice (Sugar Free)'),(2392,'Zombie','1','Oz','Grapefruit Juice'),(2390,'Zombie','1','Oz','Pineapple Rum'),(2389,'Zombie','1','Oz','Rum'),(2394,'Zombie','1/2','Oz','Grenadine'),(2395,'Zombie','1/2','Oz','Lime Mix 1'),(2393,'Zombie','1/2','Oz','Passion Fruit Syrup'),(2396,'Zombie','1/4','Oz','Overproof Rum'),(2391,'Zombie','2','Oz','Pineapple Juice'),(1835,'Zombie (Legacy)','1','Dash','Orgeat Syrup'),(1832,'Zombie (Legacy)','1 1/4','Oz','Orange Juice'),(1833,'Zombie (Legacy)','1 1/4','Oz','Pineapple Juice'),(1834,'Zombie (Legacy)','1/2','Oz','Lemon Juice'),(1830,'Zombie (Legacy)','1/4','Oz','Apricot Brandy'),(1831,'Zombie (Legacy)','1/4','Oz','Triple Sec'),(1829,'Zombie (Legacy)','3/4','Oz','Dark Rum'),(1828,'Zombie (Legacy)','3/4','Oz','Rum');
/*!40000 ALTER TABLE `recipe_ingredients` ENABLE KEYS */;
UNLOCK TABLES;

--
-- Table structure for table `recipe_sections`
--

DROP TABLE IF EXISTS `recipe_sections`;
/*!40101 SET @saved_cs_client     = @@character_set_client */;
/*!50503 SET character_set_client = utf8mb4 */;
CREATE TABLE `recipe_sections` (
  `recipe_section_id` int NOT NULL AUTO_INCREMENT,
  `recipe` varchar(64) NOT NULL,
  `section` varchar(32) NOT NULL,
  PRIMARY KEY (`recipe_section_id`),
  UNIQUE KEY `recipe_sections_recipe_section_uindex` (`recipe`,`section`),
  UNIQUE KEY `recipe_sections_recipe_uindex` (`recipe`),
  KEY `recipe_sections_sections_section_fk` (`section`),
  CONSTRAINT `recipe_sections_recipes_recipe_fk` FOREIGN KEY (`recipe`) REFERENCES `recipes` (`recipe`) ON DELETE CASCADE ON UPDATE CASCADE,
  CONSTRAINT `recipe_sections_sections_section_fk` FOREIGN KEY (`section`) REFERENCES `sections` (`section`) ON DELETE CASCADE ON UPDATE CASCADE
) ENGINE=InnoDB AUTO_INCREMENT=1129 DEFAULT CHARSET=utf8mb4 COLLATE=utf8mb4_unicode_520_ci;
/*!40101 SET character_set_client = @saved_cs_client */;

--
-- Dumping data for table `recipe_sections`
--

LOCK TABLES `recipe_sections` WRITE;
/*!40000 ALTER TABLE `recipe_sections` DISABLE KEYS */;
INSERT INTO `recipe_sections` (`recipe_section_id`, `recipe`, `section`) VALUES (618,'#Instastoli','Cocktails'),(617,'#Instastoli (Legacy)','Cocktails'),(451,'57 T-Birds (California Plates)','Shooters'),(452,'57 T-Birds (Cape Cod Plates)','Shooters'),(450,'57 T-Birds (Florida Plates)','Shooters'),(449,'57 T-Birds (Hawaiian Plates)','Shooters'),(610,'63rd + 1st Manhattan (Rocks)','Cocktails'),(608,'63rd + 1st Manhattan (Up)','Cocktails'),(1,'77 Sunset Strip','Cocktails'),(3,'Á L\'Orange','Cocktails'),(5,'Absolut Orynge','Cocktails'),(6,'Adam\'s Apple','Cocktails'),(453,'After 5','Shooters'),(7,'Aggravation','Cocktails'),(8,'Alabama Slammer','Cocktails'),(454,'Alice in Wonderland','Shooters'),(9,'Almond Chocolate','Cocktails'),(10,'Almond Joey','Cocktails'),(11,'Almond Mocha','Cocktails'),(12,'Amaretto Choco-Cream','Cocktails'),(13,'Amaretto Colada','Cocktails'),(14,'Americano','Cocktails'),(494,'André The Peachlifter','Smoothies'),(15,'Angel\'s Tip','Cocktails'),(18,'Anise Almond Coffee','Cocktails'),(19,'Anti-Freeze','Cocktails'),(593,'Aperol Spritz','Cocktails'),(486,'Apple & Blueberry Soda ','Kids\' Mocktails'),(20,'Apple À La Mode','Cocktails'),(21,'Apple Breeze','Cocktails'),(22,'Apple Martini','Cocktails'),(698,'Apple Passion','Cocktails'),(23,'Arizona Cooler','Cocktails'),(1113,'Avocado Houmous','Solo Apps'),(455,'B-52','Shooters'),(456,'Baby Woo Woo','Shooters'),(24,'Bahama Mama','Cocktails'),(1067,'Baileys Chocolate Orange','Cocktails'),(25,'Baileys Comet','Cocktails'),(26,'Ballet Russe','Cocktails'),(27,'Baltimore Zoo','Cocktails'),(29,'Banana Bang','Cocktails'),(30,'Banana Banshee (Frozen)','Cocktails'),(31,'Banana Banshee (Screaming)','Cocktails'),(32,'Banana Banshee (Up)','Cocktails'),(33,'Banana Boat','Cocktails'),(1031,'Banana Malt','Shakes and Malts'),(1044,'Banana Malt (Small)','Small Shakes and Malts'),(538,'Banana Milkshake','Shakes and Malts'),(528,'Banana Milkshake (Small)','Small Shakes and Malts'),(34,'Banana Popsicle','Cocktails'),(35,'Banana Sandwich','Cocktails'),(36,'Banana Split (Cocktail)','Cocktails'),(457,'Banana Split (Shooter)','Shooters'),(37,'Banoffee Martini','Cocktails'),(1121,'Barbacoa Beef & Cheese Potato Skins','Solo Apps'),(38,'Barbados Iced Tea','Cocktails'),(39,'Barnamint Baileys','Cocktails'),(508,'Basil Berry Smash','Mocktails'),(40,'Bay Breeze','Cocktails'),(41,'Bayou Bloody Mary','Cocktails'),(1103,'BBQ Bean Nachos','Solo Apps'),(1116,'BBQ Bean Nachos (to Share)','Sharing Apps'),(590,'Beachbull','Cocktails'),(42,'Beachbull (Legacy)','Cocktails'),(1087,'Beefeater Blood Orange','Gin Serves'),(1089,'Beefeater Pink Strawberry','Gin Serves'),(717,'Bellini - Melon','Cocktails'),(45,'Bellini - Peach (Frozen)','Cocktails'),(46,'Bellini - Peach (Up)','Cocktails'),(43,'Bellini - Raspberry','Cocktails'),(44,'Bellini - Strawberry','Cocktails'),(552,'Berry Blizzard','Ultimate Shakes'),(47,'Between the Sheets','Cocktails'),(48,'Beverley Hills Iced Tea','Cocktails'),(553,'Birthday Cake Shake','Ultimate Shakes'),(49,'Bit O\'Honey','Cocktails'),(51,'Black Forest','Cocktails'),(1078,'Black Forest Martini','Cocktails'),(53,'Black Pearl','Cocktails'),(52,'Black Russian','Cocktails'),(1060,'Bloody Mary','Cocktails'),(54,'Bloody Mary (Legacy)','Cocktails'),(55,'Blue Monday','Cocktails'),(56,'Blue Passion','Cocktails'),(522,'Blueberry Blitz','Mocktails'),(57,'Bolshoi Punch','Cocktails'),(1088,'Bombay Sapphire','Gin Serves'),(58,'Bone Crusher','Cocktails'),(1117,'Boneless Hot Wings','Solo Apps'),(1118,'Boneless Hot Wings (to Share)','Sharing Apps'),(509,'Bora Bora Brew','Mocktails'),(59,'Boston Tea Party','Cocktails'),(60,'Boston Top Shelf','Cocktails'),(458,'Brain Haemorrhage','Shooters'),(591,'Bramble','Cocktails'),(61,'Bramble (Legacy)','Cocktails'),(62,'Brandy Alexander (Frozen)','Cocktails'),(63,'Brandy Alexander (Up)','Cocktails'),(64,'Brandy Chocolate Alexander','Cocktails'),(65,'Brandy Ice','Cocktails'),(66,'Brandy Milk Punch','Cocktails'),(67,'Brave Bull','Cocktails'),(68,'Brazillian Monk','Cocktails'),(69,'Bronx Cocktail','Cocktails'),(1092,'Brooklyn','Gin Serves'),(1093,'Brooklyn Serve','Gin Signature Serves'),(1029,'Brooklyn Sling','Sharing Cocktails'),(70,'Burnt Almond','Cocktails'),(71,'Café Gates','Cocktails'),(72,'Café Henry III','Cocktails'),(73,'Café Nelson','Cocktails'),(74,'Café Oscar','Cocktails'),(75,'Café Reese','Cocktails'),(76,'Café Reggae','Cocktails'),(77,'Café Royale','Cocktails'),(78,'Café Toledo','Cocktails'),(79,'Caipirinha','Cocktails'),(80,'Caipirinha - Cranberry','Cocktails'),(678,'Caipirinha - Melon','Cocktails'),(82,'Caipirinha - Raspberry','Cocktails'),(83,'Caipirinha - Strawberry','Cocktails'),(85,'Caipiroska','Cocktails'),(50,'Caipiroska - Blackberry','Cocktails'),(86,'Caipiroska - Raspberry','Cocktails'),(84,'Caipiroska - Strawberry','Cocktails'),(87,'Canada Goose','Cocktails'),(88,'Candy Cloud','Cocktails'),(89,'Cape Codder','Cocktails'),(1032,'Caramel Malt','Shakes and Malts'),(539,'Caramel Milkshake','Shakes and Malts'),(90,'Caribbean Iced Tea','Cocktails'),(91,'Champagne Brunch (Frozen)','Cocktails'),(92,'Champagne Brunch (Rocks)','Cocktails'),(93,'Champagne Cocktail','Cocktails'),(94,'Chee Chee (Frozen)','Cocktails'),(95,'Chee Chee (Rocks)','Cocktails'),(510,'Cheeky Ginger','Mocktails'),(1101,'Cheese & Candied Maple Bacon Potato Skins','Solo Apps'),(1110,'Cheese & Candied Maple Bacon Potato Skins (to Share)','Sharing Apps'),(1114,'Cheese Nachos','Solo Apps'),(1115,'Cheese Nachos (to Share)','Sharing Apps'),(96,'Cherry Chocolate Freeze','Cocktails'),(556,'Cherry Cola','Flavoured Sodas'),(1033,'Cherry Malt','Shakes and Malts'),(1045,'Cherry Malt (Small)','Small Shakes and Malts'),(561,'Cherry Milk','Flavoured Sodas'),(540,'Cherry Milkshake','Shakes and Malts'),(529,'Cherry Milkshake (Small)','Small Shakes and Malts'),(97,'Cherry Rum Fizz','Cocktails'),(98,'Cherry Stag','Cocktails'),(99,'Cherry Vanilla','Cocktails'),(1108,'Chicken Potstickers','Solo Apps'),(100,'Chimayo Cocktail','Cocktails'),(554,'Choccylicious','Ultimate Shakes'),(1035,'Chocolate Chip Malt','Shakes and Malts'),(1047,'Chocolate Chip Malt (Small)','Small Shakes and Malts'),(542,'Chocolate Chip Milkshake','Shakes and Malts'),(531,'Chocolate Chip Milkshake (Small)','Small Shakes and Malts'),(101,'Chocolate Chip Mint','Cocktails'),(557,'Chocolate Cola','Flavoured Sodas'),(102,'Chocolate Covered Cherry','Cocktails'),(103,'Chocolate Dipped Strawberry','Cocktails'),(1036,'Chocolate Fudge Malt','Shakes and Malts'),(1048,'Chocolate Fudge Malt (Small)','Small Shakes and Malts'),(543,'Chocolate Fudge Milkshake','Shakes and Malts'),(532,'Chocolate Fudge Milkshake (Small)','Small Shakes and Malts'),(1034,'Chocolate Malt','Shakes and Malts'),(1046,'Chocolate Malt (Small)','Small Shakes and Malts'),(562,'Chocolate Milk','Flavoured Sodas'),(489,'Chocolate Milk (Small)','Kids\' Flavoured Milks'),(541,'Chocolate Milkshake','Shakes and Malts'),(530,'Chocolate Milkshake (Small)','Small Shakes and Malts'),(104,'Chocolate Mint (Frozen)','Cocktails'),(105,'Chocolate Mint (Hot)','Cocktails'),(106,'Chocolate Mint Cookie','Cocktails'),(107,'Chocolate Monkey','Cocktails'),(108,'Citrus Rum Cooler','Cocktails'),(1053,'Clean Gin & Tonic','Mocktails'),(1057,'Clean Margarita','Mocktails'),(1056,'Clean Mojito','Mocktails'),(1058,'Clean Paloma','Mocktails'),(1054,'Clean Piña Colada','Mocktails'),(109,'Cocobanana','Cocktails'),(1037,'Coconut Malt','Shakes and Malts'),(1049,'Coconut Malt (Small)','Small Shakes and Malts'),(563,'Coconut Milk','Flavoured Sodas'),(544,'Coconut Milkshake','Shakes and Malts'),(533,'Coconut Milkshake (Small)','Small Shakes and Malts'),(1038,'Coffee Malt','Shakes and Malts'),(545,'Coffee Milkshake','Shakes and Malts'),(558,'Cola Float','Flavoured Sodas'),(580,'Cold Brew Coffee Mix','Mixes'),(110,'Collins','Cocktails'),(111,'Colorado Bulldog','Cocktails'),(596,'Comfortabull','Cocktails'),(112,'Comfortabull (Legacy)','Cocktails'),(113,'Cool Breeze','Cocktails'),(115,'Cosmopolitan - Blackcurrant','Cocktails'),(114,'Cosmopolitan (Cocktail)','Cocktails'),(116,'Cranberry Cooler','Cocktails'),(513,'Cranberry Fizz','Mocktails'),(1039,'Creamsicle Malt','Shakes and Malts'),(1050,'Creamsicle Malt (Small)','Small Shakes and Malts'),(546,'Creamsicle Milkshake','Shakes and Malts'),(534,'Creamsicle Milkshake (Small)','Small Shakes and Malts'),(117,'Cuba Libre','Cocktails'),(1125,'Cupid\'s Cocktail','Cocktails'),(121,'Daiquiri - (Frozen)','Cocktails'),(122,'Daiquiri - (Rocks)','Cocktails'),(123,'Daiquiri - (Up)','Cocktails'),(118,'Daiquiri - Banana','Cocktails'),(616,'Daiquiri - Bubblegum','Cocktails'),(119,'Daiquiri - Bubblegum (Legacy)','Cocktails'),(120,'Daiquiri - Cranberry','Cocktails'),(765,'Daiquiri - Melon','Cocktails'),(124,'Daiquiri - Peach','Cocktails'),(125,'Daiquiri - Pineapple','Cocktails'),(126,'Daiquiri - Raspberry','Cocktails'),(587,'Daiquiri - Strawberry','Cocktails'),(127,'Daiquiri - Strawberry (Legacy)','Cocktails'),(1096,'Death\'s Door Serve','Gin Signature Serves'),(128,'Dirty Mother','Cocktails'),(129,'Downhill Racer','Cocktails'),(130,'Dreamsicle','Cocktails'),(1068,'Driving Home for Christmas','Mocktails'),(131,'Dusk Till Dawn','Cocktails'),(132,'Dyevitchka','Cocktails'),(459,'E.T.','Shooters'),(133,'El Diablo','Cocktails'),(622,'Elderflower Spritz','Cocktails'),(134,'Electric Lemonade','Cocktails'),(135,'Emerald','Cocktails'),(592,'English Garden','Cocktails'),(136,'English Garden (Legacy)','Cocktails'),(586,'Espresso Martini','Cocktails'),(137,'Evita Cocktail','Cocktails'),(495,'Fantastic Gymnastic','Smoothies'),(606,'Fiesta Havana','Cocktails'),(138,'Fiesta Havana (Legacy)','Cocktails'),(139,'Fire Eater','Cocktails'),(140,'Fizz Pop','Cocktails'),(1069,'Fizzmas Sparkle','Cocktails'),(625,'Flaming Rose','Mocktails'),(460,'Flugle Binder','Shooters'),(141,'Freddie','Cocktails'),(780,'French 75 (Brandy)','Cocktails'),(143,'French 75 (Gin)','Cocktails'),(144,'French Martini','Cocktails'),(1027,'French Superstar Martini','Sharing Cocktails'),(511,'Fresh as a Cucumber','Mocktails'),(145,'Friar Tuck','Cocktails'),(579,'Friday\'s Foam','Mixes'),(146,'Friday\'s Freeze','Cocktails'),(147,'Friday\'s Frozen Tea','Cocktails'),(149,'Friday\'s Gibson (Rocks) (Gin)','Cocktails'),(150,'Friday\'s Gibson (Rocks) (Vodka)','Cocktails'),(152,'Friday\'s Gibson (Up) (Gin)','Cocktails'),(151,'Friday\'s Gibson (Up) (Vodka)','Cocktails'),(153,'Friday\'s Gimlet (Gin)','Cocktails'),(154,'Friday\'s Gimlet (Vodka)','Cocktails'),(155,'Friday\'s Manhattan (Dry)','Cocktails'),(157,'Friday\'s Manhattan (Perfect)','Cocktails'),(156,'Friday\'s Manhattan (Sweet)','Cocktails'),(159,'Friday\'s Martini (Gin) (Dry)','Cocktails'),(160,'Friday\'s Martini (Gin) (Extra Dry)','Cocktails'),(158,'Friday\'s Martini (Gin) (Wet)','Cocktails'),(162,'Friday\'s Martini (Vodka) (Dry)','Cocktails'),(161,'Friday\'s Martini (Vodka) (Extra Dry)','Cocktails'),(163,'Friday\'s Martini (Vodka) (Wet)','Cocktails'),(164,'Friday\'s Old Fashioned','Cocktails'),(802,'Friday\'s Pisco Sour','Cocktails'),(166,'Friday\'s Rob-Roy (Rocks) (Dry)','Cocktails'),(167,'Friday\'s Rob-Roy (Rocks) (Perfect)','Cocktails'),(165,'Friday\'s Rob-Roy (Rocks) (Sweet)','Cocktails'),(169,'Friday\'s Rob-Roy (Up) (Dry)','Cocktails'),(168,'Friday\'s Rob-Roy (Up) (Perfect)','Cocktails'),(170,'Friday\'s Rob-Roy (Up) (Sweet)','Cocktails'),(1104,'Fridays\' Wings','Solo Apps'),(1111,'Fridays\' Wings (to Share)','Sharing Apps'),(171,'Frozen Black Irish','Cocktails'),(172,'Frozen Irish Coffee','Cocktails'),(173,'Frozen Irish Mint','Cocktails'),(174,'Frozen Key Lime','Cocktails'),(514,'Frozen Ocean','Mocktails'),(175,'Fuzzy Navel','Cocktails'),(176,'Gal Friday','Cocktails'),(177,'Georgia Peach','Cocktails'),(178,'Gin Buck','Cocktails'),(179,'Gin Cucumber Martini','Cocktails'),(1070,'Gingle Bells','Cocktails'),(624,'Ginless Garden','Mocktails'),(180,'Godfather','Cocktails'),(181,'Godmother','Cocktails'),(182,'Gold Cadillac','Cocktails'),(497,'Gold Medallist','Smoothies'),(183,'Golden Dream','Cocktails'),(515,'Golden Lime','Mocktails'),(184,'Goldmine','Cocktails'),(516,'Grapefruit Blast','Mocktails'),(620,'Grapefruit Seltzer','Cocktails'),(186,'Grasshopper (Flying)','Cocktails'),(185,'Grasshopper (Frozen)','Cocktails'),(187,'Grasshopper (Up)','Cocktails'),(188,'Grateful Dead','Cocktails'),(189,'Green Eyes','Cocktails'),(190,'Gremlin','Cocktails'),(192,'Greyhound','Cocktails'),(196,'Hairy Navel','Cocktails'),(1122,'Half Rack Ultimate Ribs with Legendary Glaze','Ribs'),(197,'Harlem Mugger','Cocktails'),(595,'Harvey Wallbanger','Cocktails'),(198,'Harvey Wallbanger (Legacy)','Cocktails'),(498,'Hawaiian Island Surfer','Smoothies'),(200,'Haymarket','Cocktails'),(1124,'Heart Cracker','Cocktails'),(1090,'Hendrick\'s','Gin Serves'),(199,'Hinky Dink','Cocktails'),(499,'Holiday Isle','Smoothies'),(201,'Honey Kist','Cocktails'),(202,'Hot Banana Split','Cocktails'),(203,'Hot Chocolate Mint','Cocktails'),(204,'Hot Irish Chocolate','Cocktails'),(1105,'Hot Wings','Solo Apps'),(1112,'Hot Wings (to Share)','Sharing Apps'),(205,'Hurricane','Cocktails'),(206,'Ice Cream Sandwich','Cocktails'),(207,'Impeachabull','Cocktails'),(208,'International White Spider','Cocktails'),(209,'Irish \"49\"','Cocktails'),(210,'Irish Coffee','Cocktails'),(211,'Irish Coffee Freeze','Cocktails'),(461,'Irish Monk','Shooters'),(1071,'Irish Mule','Cocktails'),(212,'Irish Nut','Cocktails'),(213,'Italian Stinger 1','Cocktails'),(214,'Italian Stinger 2','Cocktails'),(215,'Jack\'s Southern Belle','Cocktails'),(216,'Jamaican Coffee','Cocktails'),(217,'Jamaican Mule','Cocktails'),(218,'Jamaican Raspberry Colada','Cocktails'),(462,'Jammy Donut','Shooters'),(219,'Japanese Slipper','Cocktails'),(220,'Jelly Bean (Cocktail)','Cocktails'),(463,'Jelly Bean (Shooter)','Shooters'),(221,'Joan Collins','Cocktails'),(222,'John Collins','Cocktails'),(223,'Jonny-Oh','Cocktails'),(613,'June Bug','Cocktails'),(224,'June Bug (Legacy)','Cocktails'),(225,'Kahlua Banana','Cocktails'),(226,'Kahlua Bulkhead','Cocktails'),(227,'Kahlua Coffee','Cocktails'),(228,'Kahlua Crunch','Cocktails'),(229,'Kahlua Hummer','Cocktails'),(464,'Kamikaze','Shooters'),(230,'Katinka','Cocktails'),(231,'Keoke Coffee','Cocktails'),(232,'Key West Cooler','Cocktails'),(487,'Kids\' Raspberry & Yoghurt Smoothie','Smoothies'),(500,'Kids\' Smoothie','Smoothies'),(233,'King Alphonse','Cocktails'),(234,'Kir','Cocktails'),(555,'Kookie Monster','Ultimate Shakes'),(235,'Koolaid','Cocktails'),(236,'Lady Godiva','Cocktails'),(237,'Laidback Limeade','Cocktails'),(238,'Lemon Chiffon Pie','Cocktails'),(465,'Lemon Drop','Shooters'),(851,'Lemon Meringue Pie','Cocktails'),(582,'Lemon Mix','Mixes'),(239,'Lemonade','Cocktails'),(1119,'Lightly Spiced Shrimp','Solo Apps'),(240,'Lights of Havana','Cocktails'),(565,'Lime Mix 1','Mixes'),(566,'Lime Mix 2','Mixes'),(241,'Limeade','Cocktails'),(466,'Liquid Bubblegum','Shooters'),(242,'Long Beach Iced Tea','Cocktails'),(243,'Long Berry','Cocktails'),(604,'Long Island Iced Tea','Cocktails'),(244,'Long Island Iced Tea (Legacy)','Cocktails'),(376,'Long Island Iced Tea (Skinny)','Cocktails'),(501,'Los Angeles Banana Berry','Smoothies'),(245,'Lynchburg Lemonade','Cocktails'),(246,'Madras','Cocktails'),(247,'Mai Tai','Cocktails'),(1095,'Malfy Gin Rosa Serve','Gin Signature Serves'),(248,'Mandarin Chocolate','Cocktails'),(600,'Manhattan','Cocktails'),(249,'Maple Leaf','Cocktails'),(250,'Mardi Gras','Cocktails'),(251,'Margarita - Banana','Cocktails'),(375,'Margarita - Blackberry (Skinny)','Cocktails'),(252,'Margarita - Cranberry','Cocktails'),(253,'Margarita - Melon','Cocktails'),(254,'Margarita - Peach','Cocktails'),(323,'Margarita - Popping Candy','Cocktails'),(255,'Margarita - Raspberry','Cocktails'),(256,'Margarita - Strawberry','Cocktails'),(257,'Margarita (Frozen)','Cocktails'),(258,'Margarita (Golden, Frozen)','Cocktails'),(259,'Margarita (Golden, Rocks)','Cocktails'),(260,'Margarita (Golden, Up)','Cocktails'),(607,'Margarita (Rocks)','Cocktails'),(261,'Margarita (Rocks) (Legacy)','Cocktails'),(377,'Margarita (Skinny)','Cocktails'),(262,'Margarita (Up)','Cocktails'),(263,'Margarita Cooler','Cocktails'),(599,'Martini','Cocktails'),(872,'Martini - Cranberry (Gin)','Cocktails'),(873,'Martini - Cranberry (Vodka)','Cocktails'),(874,'Martini - Melon (Gin)','Cocktails'),(875,'Martini - Melon (Vodka)','Cocktails'),(266,'Martini - Raspberry (Gin)','Cocktails'),(265,'Martini - Raspberry (Vodka)','Cocktails'),(267,'Martini - Strawberry (Gin)','Cocktails'),(268,'Martini - Strawberry (Vodka)','Cocktails'),(269,'Matt the Rat','Cocktails'),(879,'Maverick Aviator','Cocktails'),(467,'Melon Ball','Shooters'),(270,'Ménage à Trois','Cocktails'),(1073,'Merry Martini','Cocktails'),(271,'Mexican Coffee','Cocktails'),(468,'Mexican Flag','Shooters'),(272,'Mexican Runner','Cocktails'),(273,'Mimosa','Cocktails'),(274,'Mimosa - Grand','Cocktails'),(275,'Mimosa - Lemon','Cocktails'),(276,'Mimosa - Lime','Cocktails'),(419,'Mimosa (Frozen) (Ultimate)','Cocktails'),(277,'Mint Julep','Cocktails'),(523,'Minty Apple Soda','Mocktails'),(278,'Mocha Martini','Cocktails'),(611,'Mojito','Cocktails'),(280,'Mojito - Cranberry','Cocktails'),(889,'Mojito - Melon','Cocktails'),(281,'Mojito - Raspberry','Cocktails'),(282,'Mojito - Strawberry','Cocktails'),(279,'Mojito (Legacy)','Cocktails'),(1064,'Monkey Sour','Cocktails'),(283,'Mont Blanc','Cocktails'),(1059,'Moscow Mule','Cocktails'),(284,'Moscow Mule (Legacy)','Cocktails'),(1100,'Mozzarella Dippers','Solo Apps'),(285,'Muddy Water','Cocktails'),(286,'Mudslide','Cocktails'),(469,'Nashville Shooter','Shooters'),(598,'Negroni','Cocktails'),(287,'Negroni (Legacy)','Cocktails'),(1030,'New Orleans','Sharing Cocktails'),(517,'November Seabreeze','Mocktails'),(288,'Nureyev','Cocktails'),(603,'Old Fashioned','Cocktails'),(1091,'Ophir','Gin Serves'),(485,'Orange & Pineapple Fizz','Kids\' Mocktails'),(289,'Orange Blossom','Cocktails'),(290,'Orange Bon Bon','Cocktails'),(291,'Orange Buck','Cocktails'),(484,'Orange Creamsickle','Kids\' Mocktails'),(292,'Orange Lollipop','Cocktails'),(491,'Orange Slush','Kids\' Slushes'),(293,'Orangeade','Cocktails'),(294,'Oranjihna','Cocktails'),(1040,'Oreo Malt','Shakes and Malts'),(1051,'Oreo Malt (Small)','Small Shakes and Malts'),(547,'Oreo Milkshake','Shakes and Malts'),(535,'Oreo Milkshake (Small)','Small Shakes and Malts'),(502,'Oreo Speedwagon','Smoothies'),(470,'Orgasm','Shooters'),(295,'Orlando Quencher','Cocktails'),(296,'P.S. I Love You','Cocktails'),(297,'P.S. I Love You (Ultimate)','Cocktails'),(594,'Paloma','Cocktails'),(614,'Paradise Punch','Cocktails'),(298,'Paradise Punch (Legacy)','Cocktails'),(568,'Passion Fruit Pureé 1','Mixes'),(581,'Passion Fruit Pureé 2','Mixes'),(1028,'Passion Superstar Martini','Sharing Cocktails'),(299,'Passionate Rose','Cocktails'),(524,'Passionate Sunrise','Mocktails'),(300,'Pavlova','Cocktails'),(301,'Peach À La Mode','Cocktails'),(302,'Peach Almond Shake','Cocktails'),(303,'Peach Crush','Cocktails'),(304,'Peach Fuzzy (Cocktail)','Cocktails'),(471,'Peach Fuzzy (Shooter)','Shooters'),(1041,'Peach Malt','Shakes and Malts'),(548,'Peach Milkshake','Shakes and Malts'),(569,'Peach Pureé','Mixes'),(305,'Peaches & Cream','Cocktails'),(306,'Peachy Keen','Cocktails'),(503,'Pentathlon Pace','Smoothies'),(307,'Pepper Eater','Cocktails'),(308,'Peppered Mary','Cocktails'),(309,'Perfect Cocktail','Cocktails'),(310,'Perfect John','Cocktails'),(311,'Pimm\'s Cup','Cocktails'),(315,'Piña Colada - Banana','Cocktails'),(312,'Piña Colada - Strawberry','Cocktails'),(316,'Piña Colada – Peach','Cocktails'),(588,'Piña Colada (Frozen)','Cocktails'),(313,'Piña Colada (Frozen) (Legacy)','Cocktails'),(314,'Piña Colada (Rocks)','Cocktails'),(571,'Piña Colada Mix','Mixes'),(317,'Pineapple Champ','Cocktails'),(318,'Pineapple Halo','Cocktails'),(319,'Pineapple Plantation','Cocktails'),(492,'Pineapple Slush','Kids\' Slushes'),(518,'Pineapple Sunshine','Mocktails'),(472,'Pingu','Shooters'),(320,'Pink Lemonade (Cocktail)','Cocktails'),(473,'Pink Lemonade (Shooter)','Shooters'),(918,'Pisco Passion','Cocktails'),(321,'Planter\'s Punch','Cocktails'),(322,'Poinsettia','Cocktails'),(585,'Pornstar Martini','Cocktails'),(324,'Pornstar Martini (Legacy)','Cocktails'),(325,'Premium Iced Tea','Cocktails'),(326,'Pretty \'n\' Pink','Cocktails'),(1079,'Pumpkin Colada','Cocktails'),(1076,'Pumpkin Spiced Milkshake','Shakes and Malts'),(1077,'Pumpkin Spiced Milkshake (Small)','Small Shakes and Malts'),(1080,'Pumpkin Spiced Zombie','Cocktails'),(474,'Purple Hooter','Shooters'),(615,'Purple Rain','Cocktails'),(328,'Purple Rain (Legacy)','Cocktails'),(327,'Pushkin','Cocktails'),(329,'Pussy Cat','Cocktails'),(330,'Rainbow Sherbet','Cocktails'),(331,'Ramos Gin Fizz','Cocktails'),(504,'Raspberry Crush','Smoothies'),(621,'Raspberry Fizz','Cocktails'),(332,'Raspberry Flower','Cocktails'),(572,'Raspberry Pureé','Mixes'),(525,'Raspberry Sublime','Mocktails'),(333,'Raspberry Tart','Cocktails'),(334,'Raspberry Watkins','Cocktails'),(335,'Razzbaretto','Cocktails'),(336,'Red Army','Cocktails'),(337,'Red Lion Cocktail','Cocktails'),(931,'Red Velvet','Cocktails'),(338,'Root Beer Float','Cocktails'),(475,'Root Beer Shooter','Shooters'),(339,'Royal Kir','Cocktails'),(340,'Royaltini','Cocktails'),(341,'Rum Might Say','Cocktails'),(342,'Rum Runner','Cocktails'),(346,'Rumcooler','Cocktails'),(476,'Russian Quaalude','Shooters'),(348,'Russian Spring Punch','Cocktails'),(347,'Rusty Nail','Cocktails'),(349,'Saint Clements','Mocktails'),(350,'Salty Dog (Gin)','Cocktails'),(351,'Salty Dog (Vodka)','Cocktails'),(519,'San Francisco','Mocktails'),(357,'Sandy Moat','Cocktails'),(358,'Sangria - Red','Cocktails'),(360,'Sangria - White','Cocktails'),(361,'Sante Fe Sunset','Cocktails'),(362,'Sazerac','Cocktails'),(363,'Scarlett O\'Hara','Cocktails'),(477,'Schanpple Shooter','Shooters'),(364,'Scorpion','Cocktails'),(365,'Screaming Orgasm (Cocktail)','Cocktails'),(478,'Screaming Orgasm (Shooter)','Shooters'),(366,'Screwdriver','Cocktails'),(367,'Seabreeze','Cocktails'),(520,'Sensibull','Mocktails'),(1106,'Sesame Chicken Strips (Starter)','Solo Apps'),(368,'Sex on the Beach','Cocktails'),(420,'Shambulls','Cocktails'),(1109,'Shell-On Garlic & Chilli King Prawns','Solo Apps'),(559,'Shirley Temple','Flavoured Sodas'),(369,'Sicilian Kiss','Cocktails'),(370,'Side Car','Cocktails'),(371,'Silver Bullet','Cocktails'),(612,'Silver Mercedes','Cocktails'),(372,'Silver Mercedes (Legacy)','Cocktails'),(574,'Simple Syrup','Mixes'),(1102,'Simply Cheese Potato Skins','Solo Apps'),(373,'Singapore Sling','Cocktails'),(374,'Sinner Clements','Cocktails'),(380,'Skyy High Elderberry','Cocktails'),(479,'Slippery Nipple','Shooters'),(381,'Smith & Kearns','Cocktails'),(382,'Snow Bear','Cocktails'),(506,'Sober Loader','Smoothies'),(383,'Sombrero','Cocktails'),(386,'Sours','Cocktails'),(384,'Sours - Apple','Cocktails'),(385,'Sours - Butterscotch','Cocktails'),(387,'Sours - Peach','Cocktails'),(388,'Southern Berry','Cocktails'),(481,'Southern Peach','Shooters'),(389,'Spanish Coffee','Cocktails'),(480,'Springbok','Shooters'),(390,'Spritzer','Cocktails'),(391,'St. Moritz','Cocktails'),(392,'Stinger','Cocktails'),(1126,'Strawberry Cooler','Kids\' Mocktails'),(393,'Strawberry Decathlon','Cocktails'),(526,'Strawberry Fields','Mocktails'),(1042,'Strawberry Malt','Shakes and Malts'),(1052,'Strawberry Malt (Small)','Small Shakes and Malts'),(564,'Strawberry Milk','Flavoured Sodas'),(490,'Strawberry Milk (Small)','Kids\' Flavoured Milks'),(550,'Strawberry Milkshake','Shakes and Malts'),(536,'Strawberry Milkshake (Small)','Small Shakes and Malts'),(394,'Strawberry Mint','Cocktails'),(578,'Strawberry Pureé','Mixes'),(395,'Strawberry Shortcake','Cocktails'),(493,'Strawberry Slush','Kids\' Slushes'),(521,'Strawberry Surprise','Mocktails'),(505,'Summer Cyclist','Smoothies'),(396,'Summer Peach','Cocktails'),(397,'Sunblock','Cocktails'),(398,'Sunburn','Cocktails'),(399,'Sunset Boulevard','Cocktails'),(400,'Sunstroke','Cocktails'),(576,'Sweet & Sour Mix (Skinny)','Mixes'),(575,'Sweet & Sour Mix 1','Mixes'),(584,'Sweet & Sour Mix 2','Mixes'),(623,'Sweet By Choice','Mocktails'),(402,'Sweet Tart','Cocktails'),(401,'Sweetheart','Cocktails'),(403,'Tennessee Berry Mule','Cocktails'),(404,'Tennessee Runway','Cocktails'),(405,'Tennessee Rush','Cocktails'),(406,'Tennessee Tea','Cocktails'),(407,'Tequila Maria','Cocktails'),(589,'Tequila Sunrise','Cocktails'),(408,'Tequila Sunrise (Legacy)','Cocktails'),(409,'Texas Iced Tea','Cocktails'),(1094,'The Botanist Serve','Gin Signature Serves'),(1120,'Times Square Big Share','Sharing Apps'),(410,'Toasted Almond','Cocktails'),(411,'Tokyo Iced Tea','Cocktails'),(412,'Tom Collins','Cocktails'),(413,'Torrance Coffee','Cocktails'),(414,'Total Eclipse','Cocktails'),(482,'Tribbble','Shooters'),(415,'Tropical Blend','Cocktails'),(416,'Tropical Delight','Cocktails'),(597,'Tropical Rumbull','Cocktails'),(507,'Tropical Runner','Smoothies'),(527,'Tropical Sunshine','Mocktails'),(964,'Turkish Delight','Cocktails'),(417,'Turquoise Blue','Cocktails'),(418,'TVR','Cocktails'),(421,'Umpa Lumpa','Cocktails'),(422,'Uncle Bulgaria','Cocktails'),(423,'Uncle Vanya','Cocktails'),(601,'Uptown Manhattan','Cocktails'),(560,'Vanilla Cola','Flavoured Sodas'),(1043,'Vanilla Malt','Shakes and Malts'),(551,'Vanilla Milkshake','Shakes and Malts'),(1081,'Vanilla Milkshake (Small)','Small Shakes and Malts'),(424,'Velvet Hammer (Frozen)','Cocktails'),(425,'Velvet Hammer (Up)','Cocktails'),(426,'Vermouth Cassis','Cocktails'),(427,'Very Merry Berry','Cocktails'),(1066,'Virgin Mary','Mocktails'),(428,'Vodka Punch','Cocktails'),(429,'Voodoo','Cocktails'),(430,'Walk in the Tropics','Cocktails'),(431,'Ward Eight','Cocktails'),(483,'Watermelon','Shooters'),(432,'Watermelon Cooler','Cocktails'),(433,'West Indies Yellowbird','Cocktails'),(602,'Whiskey Sour','Cocktails'),(434,'Whiskey Sour (Legacy)','Cocktails'),(435,'White Chocolate Martini','Cocktails'),(436,'White Russian','Cocktails'),(437,'White Spider','Cocktails'),(443,'Wine Cooler - Cranapple','Cocktails'),(445,'Wine Cooler - Grapefruit','Cocktails'),(441,'Wine Cooler - Orange','Cocktails'),(442,'Wine Cooler - Orange-Grapefruit','Cocktails'),(440,'Wine Cooler (Red)','Cocktails'),(439,'Wine Cooler (Rosé)','Cocktails'),(438,'Wine Cooler (White)','Cocktails'),(1074,'Winter in Lynchburg','Cocktails'),(446,'Wonderland Comfort','Cocktails'),(447,'Woo Woo','Cocktails'),(378,'Woo Woo (Skinny)','Cocktails'),(605,'Zombie','Cocktails'),(448,'Zombie (Legacy)','Cocktails');
/*!40000 ALTER TABLE `recipe_sections` ENABLE KEYS */;
UNLOCK TABLES;

--
-- Table structure for table `recipes`
--

DROP TABLE IF EXISTS `recipes`;
/*!40101 SET @saved_cs_client     = @@character_set_client */;
/*!50503 SET character_set_client = utf8mb4 */;
CREATE TABLE `recipes` (
  `recipe` varchar(64) NOT NULL,
  `sort_order` varchar(64) DEFAULT NULL,
  PRIMARY KEY (`recipe`),
  FULLTEXT KEY `recipe` (`recipe`)
) ENGINE=InnoDB DEFAULT CHARSET=utf8mb4 COLLATE=utf8mb4_unicode_520_ci;
/*!40101 SET character_set_client = @saved_cs_client */;

--
-- Dumping data for table `recipes`
--

LOCK TABLES `recipes` WRITE;
/*!40000 ALTER TABLE `recipes` DISABLE KEYS */;
INSERT INTO `recipes` (`recipe`, `sort_order`) VALUES ('#Instastoli','Instastoli'),('#Instastoli (Legacy)','Instastoli (Legacy)'),('57 T-Birds (California Plates)','57 T-Birds (California Plates)'),('57 T-Birds (Cape Cod Plates)','57 T-Birds (Cape Cod Plates)'),('57 T-Birds (Florida Plates)','57 T-Birds (Florida Plates)'),('57 T-Birds (Hawaiian Plates)','57 T-Birds (Hawaiian Plates)'),('63rd + 1st Manhattan (Rocks)','63rd + 1st Manhattan (Rocks)'),('63rd + 1st Manhattan (Up)','63rd + 1st Manhattan (Up)'),('77 Sunset Strip','77 Sunset Strip'),('Á L\'Orange','Á L\'Orange'),('Absolut Orynge','Absolut Orynge'),('Adam\'s Apple','Adam\'s Apple'),('After 5','After 5'),('Aggravation','Aggravation'),('Alabama Slammer','Alabama Slammer'),('Alice in Wonderland','Alice in Wonderland'),('Almond Chocolate','Almond Chocolate'),('Almond Joey','Almond Joey'),('Almond Mocha','Almond Mocha'),('Amaretto Choco-Cream','Amaretto Choco-Cream'),('Amaretto Colada','Amaretto Colada'),('Americano','Americano'),('André The Peachlifter','André The Peachlifter'),('Angel\'s Tip','Angel\'s Tip'),('Anise Almond Coffee','Anise Almond Coffee'),('Anti-Freeze','Anti-Freeze'),('Aperol Spritz','Aperol Spritz'),('Apple & Blueberry Soda ','Apple & Blueberry Soda '),('Apple À La Mode','Apple À La Mode'),('Apple Breeze','Apple Breeze'),('Apple Martini','Apple Martini'),('Apple Passion','Apple Passion'),('Arizona Cooler','Arizona Cooler'),('Avocado Houmous','Avocado Houmous'),('B-52','B-52'),('Baby Woo Woo','Baby Woo Woo'),('Bahama Mama','Bahama Mama'),('Baileys Chocolate Orange','Baileys Chocolate Orange'),('Baileys Comet','Baileys Comet'),('Ballet Russe','Ballet Russe'),('Baltimore Zoo','Baltimore Zoo'),('Banana Bang','Banana Bang'),('Banana Banshee (Frozen)','Banana Banshee (Frozen)'),('Banana Banshee (Screaming)','Banana Banshee (Screaming)'),('Banana Banshee (Up)','Banana Banshee (Up)'),('Banana Boat','Banana Boat'),('Banana Malt','Banana Malt'),('Banana Malt (Small)','Banana Malt (Small)'),('Banana Milkshake','Banana Milkshake'),('Banana Milkshake (Small)','Banana Milkshake (Small)'),('Banana Popsicle','Banana Popsicle'),('Banana Sandwich','Banana Sandwich'),('Banana Split (Cocktail)','Banana Split (Cocktail)'),('Banana Split (Shooter)','Banana Split (Shooter)'),('Banoffee Martini','Banoffee Martini'),('Barbacoa Beef & Cheese Potato Skins','Barbacoa Beef & Cheese Potato Skins'),('Barbados Iced Tea','Barbados Iced Tea'),('Barnamint Baileys','Barnamint Baileys'),('Basil Berry Smash','Basil Berry Smash'),('Bay Breeze','Bay Breeze'),('Bayou Bloody Mary','Bayou Bloody Mary'),('BBQ Bean Nachos','BBQ Bean Nachos'),('BBQ Bean Nachos (to Share)','BBQ Bean Nachos (to Share)'),('Beachbull','Beachbull'),('Beachbull (Legacy)','Beachbull (Legacy)'),('Beefeater Blood Orange','Beefeater Blood Orange'),('Beefeater Pink Strawberry','Beefeater Pink Strawberry'),('Bellini - Melon','Bellini - Melon'),('Bellini - Peach (Frozen)','Bellini - Peach (Frozen)'),('Bellini - Peach (Up)','Bellini - Peach (Up)'),('Bellini - Raspberry','Bellini - Raspberry'),('Bellini - Strawberry','Bellini - Strawberry'),('Berry Blizzard','Berry Blizzard'),('Between the Sheets','Between the Sheets'),('Beverley Hills Iced Tea','Beverley Hills Iced Tea'),('Birthday Cake Shake','Birthday Cake Shake'),('Bit O\'Honey','Bit O\'Honey'),('Black Forest','Black Forest'),('Black Forest Martini','Black Forest Martini'),('Black Pearl','Black Pearl'),('Black Russian','Black Russian'),('Bloody Mary','Bloody Mary'),('Bloody Mary (Legacy)','Bloody Mary (Legacy)'),('Blue Monday','Blue Monday'),('Blue Passion','Blue Passion'),('Blueberry Blitz','Blueberry Blitz'),('Bolshoi Punch','Bolshoi Punch'),('Bombay Sapphire','Bombay Sapphire'),('Bone Crusher','Bone Crusher'),('Boneless Hot Wings','Boneless Hot Wings'),('Boneless Hot Wings (to Share)','Boneless Hot Wings (to Share)'),('Bora Bora Brew','Bora Bora Brew'),('Boston Tea Party','Boston Tea Party'),('Boston Top Shelf','Boston Top Shelf'),('Brain Haemorrhage','Brain Haemorrhage'),('Bramble','Bramble'),('Bramble (Legacy)','Bramble (Legacy)'),('Brandy Alexander (Frozen)','Brandy Alexander (Frozen)'),('Brandy Alexander (Up)','Brandy Alexander (Up)'),('Brandy Chocolate Alexander','Brandy Chocolate Alexander'),('Brandy Ice','Brandy Ice'),('Brandy Milk Punch','Brandy Milk Punch'),('Brave Bull','Brave Bull'),('Brazillian Monk','Brazillian Monk'),('Bronx Cocktail','Bronx Cocktail'),('Brooklyn','Brooklyn'),('Brooklyn Serve','Brooklyn Serve'),('Brooklyn Sling','Brooklyn Sling'),('Burnt Almond','Burnt Almond'),('Café Gates','Café Gates'),('Café Henry III','Café Henry III'),('Café Nelson','Café Nelson'),('Café Oscar','Café Oscar'),('Café Reese','Café Reese'),('Café Reggae','Café Reggae'),('Café Royale','Café Royale'),('Café Toledo','Café Toledo'),('Caipirinha','Caipirinha'),('Caipirinha - Cranberry','Caipirinha - Cranberry'),('Caipirinha - Melon','Caipirinha - Melon'),('Caipirinha - Raspberry','Caipirinha - Raspberry'),('Caipirinha - Strawberry','Caipirinha - Strawberry'),('Caipiroska','Caipiroska'),('Caipiroska - Blackberry','Caipiroska - Blackberry'),('Caipiroska - Raspberry','Caipiroska - Raspberry'),('Caipiroska - Strawberry','Caipiroska - Strawberry'),('Canada Goose','Canada Goose'),('Candy Cloud','Candy Cloud'),('Cape Codder','Cape Codder'),('Caramel Malt','Caramel Malt'),('Caramel Milkshake','Caramel Milkshake'),('Caribbean Iced Tea','Caribbean Iced Tea'),('Champagne Brunch (Frozen)','Champagne Brunch (Frozen)'),('Champagne Brunch (Rocks)','Champagne Brunch (Rocks)'),('Champagne Cocktail','Champagne Cocktail'),('Chee Chee (Frozen)','Chee Chee (Frozen)'),('Chee Chee (Rocks)','Chee Chee (Rocks)'),('Cheeky Ginger','Cheeky Ginger'),('Cheese & Candied Maple Bacon Potato Skins','Cheese & Candied Maple Bacon Potato Skins'),('Cheese & Candied Maple Bacon Potato Skins (to Share)','Cheese & Candied Maple Bacon Potato Skins (to Share)'),('Cheese Nachos','Cheese Nachos'),('Cheese Nachos (to Share)','Cheese Nachos (to Share)'),('Cherry Chocolate Freeze','Cherry Chocolate Freeze'),('Cherry Cola','Cherry Cola'),('Cherry Malt','Cherry Malt'),('Cherry Malt (Small)','Cherry Malt (Small)'),('Cherry Milk','Cherry Milk'),('Cherry Milkshake','Cherry Milkshake'),('Cherry Milkshake (Small)','Cherry Milkshake (Small)'),('Cherry Rum Fizz','Cherry Rum Fizz'),('Cherry Stag','Cherry Stag'),('Cherry Vanilla','Cherry Vanilla'),('Chicken Potstickers','Chicken Potstickers'),('Chimayo Cocktail','Chimayo Cocktail'),('Choccylicious','Choccylicious'),('Chocolate Chip Malt','Chocolate Chip Malt'),('Chocolate Chip Malt (Small)','Chocolate Chip Malt (Small)'),('Chocolate Chip Milkshake','Chocolate Chip Milkshake'),('Chocolate Chip Milkshake (Small)','Chocolate Chip Milkshake (Small)'),('Chocolate Chip Mint','Chocolate Chip Mint'),('Chocolate Cola','Chocolate Cola'),('Chocolate Covered Cherry','Chocolate Covered Cherry'),('Chocolate Dipped Strawberry','Chocolate Dipped Strawberry'),('Chocolate Fudge Malt','Chocolate Fudge Malt'),('Chocolate Fudge Malt (Small)','Chocolate Fudge Malt (Small)'),('Chocolate Fudge Milkshake','Chocolate Fudge Milkshake'),('Chocolate Fudge Milkshake (Small)','Chocolate Fudge Milkshake (Small)'),('Chocolate Malt','Chocolate Malt'),('Chocolate Malt (Small)','Chocolate Malt (Small)'),('Chocolate Milk','Chocolate Milk'),('Chocolate Milk (Small)','Chocolate Milk (Small)'),('Chocolate Milkshake','Chocolate Milkshake'),('Chocolate Milkshake (Small)','Chocolate Milkshake (Small)'),('Chocolate Mint (Frozen)','Chocolate Mint (Frozen)'),('Chocolate Mint (Hot)','Chocolate Mint (Hot)'),('Chocolate Mint Cookie','Chocolate Mint Cookie'),('Chocolate Monkey','Chocolate Monkey'),('Citrus Rum Cooler','Citrus Rum Cooler'),('Clean Gin & Tonic','Clean Gin & Tonic'),('Clean Margarita','Clean Margarita'),('Clean Mojito','Clean Mojito'),('Clean Paloma','Clean Paloma'),('Clean Piña Colada','Clean Piña Colada'),('Cocobanana','Cocobanana'),('Coconut Malt','Coconut Malt'),('Coconut Malt (Small)','Coconut Malt (Small)'),('Coconut Milk','Coconut Milk'),('Coconut Milkshake','Coconut Milkshake'),('Coconut Milkshake (Small)','Coconut Milkshake (Small)'),('Coffee Malt','Coffee Malt'),('Coffee Milkshake','Coffee Milkshake'),('Cola Float','Cola Float'),('Cold Brew Coffee Mix','Cold Brew Coffee Mix'),('Collins','Collins'),('Colorado Bulldog','Colorado Bulldog'),('Comfortabull','Comfortabull'),('Comfortabull (Legacy)','Comfortabull (Legacy)'),('Cool Breeze','Cool Breeze'),('Cosmopolitan - Blackcurrant','Cosmopolitan - Blackcurrant'),('Cosmopolitan (Cocktail)','Cosmopolitan (Cocktail)'),('Cranberry Cooler','Cranberry Cooler'),('Cranberry Fizz','Cranberry Fizz'),('Creamsicle Malt','Creamsicle Malt'),('Creamsicle Malt (Small)','Creamsicle Malt (Small)'),('Creamsicle Milkshake','Creamsicle Milkshake'),('Creamsicle Milkshake (Small)','Creamsicle Milkshake (Small)'),('Cuba Libre','Cuba Libre'),('Cupid\'s Cocktail','Cupid\'s Cocktail'),('Daiquiri - (Frozen)','Daiquiri - (Frozen)'),('Daiquiri - (Rocks)','Daiquiri - (Rocks)'),('Daiquiri - (Up)','Daiquiri - (Up)'),('Daiquiri - Banana','Daiquiri - Banana'),('Daiquiri - Bubblegum','Daiquiri - Bubblegum'),('Daiquiri - Bubblegum (Legacy)','Daiquiri - Bubblegum (Legacy)'),('Daiquiri - Cranberry','Daiquiri - Cranberry'),('Daiquiri - Melon','Daiquiri - Melon'),('Daiquiri - Peach','Daiquiri - Peach'),('Daiquiri - Pineapple','Daiquiri - Pineapple'),('Daiquiri - Raspberry','Daiquiri - Raspberry'),('Daiquiri - Strawberry','Daiquiri - Strawberry'),('Daiquiri - Strawberry (Legacy)','Daiquiri - Strawberry (Legacy)'),('Death\'s Door Serve','Death\'s Door Serve'),('Dirty Mother','Dirty Mother'),('Downhill Racer','Downhill Racer'),('Dreamsicle','Dreamsicle'),('Driving Home for Christmas','Driving Home for Christmas'),('Dusk Till Dawn','Dusk Till Dawn'),('Dyevitchka','Dyevitchka'),('E.T.','E.T.'),('El Diablo','El Diablo'),('Elderflower Spritz','Elderflower Spritz'),('Electric Lemonade','Electric Lemonade'),('Emerald','Emerald'),('English Garden','English Garden'),('English Garden (Legacy)','English Garden (Legacy)'),('Espresso Martini','Espresso Martini'),('Evita Cocktail','Evita Cocktail'),('Fantastic Gymnastic','Fantastic Gymnastic'),('Fiesta Havana','Fiesta Havana'),('Fiesta Havana (Legacy)','Fiesta Havana (Legacy)'),('Fire Eater','Fire Eater'),('Fizz Pop','Fizz Pop'),('Fizzmas Sparkle','Fizzmas Sparkle'),('Flaming Rose','Flaming Rose'),('Flugle Binder','Flugle Binder'),('Freddie','Freddie'),('French 75 (Brandy)','French 75 (Brandy)'),('French 75 (Gin)','French 75 (Gin)'),('French Martini','French Martini'),('French Superstar Martini','French Superstar Martini'),('Fresh as a Cucumber','Fresh as a Cucumber'),('Friar Tuck','Friar Tuck'),('Friday\'s Foam','Friday\'s Foam'),('Friday\'s Freeze','Friday\'s Freeze'),('Friday\'s Frozen Tea','Friday\'s Frozen Tea'),('Friday\'s Gibson (Rocks) (Gin)','Friday\'s Gibson (Rocks) (Gin)'),('Friday\'s Gibson (Rocks) (Vodka)','Friday\'s Gibson (Rocks) (Vodka)'),('Friday\'s Gibson (Up) (Gin)','Friday\'s Gibson (Up) (Gin)'),('Friday\'s Gibson (Up) (Vodka)','Friday\'s Gibson (Up) (Vodka)'),('Friday\'s Gimlet (Gin)','Friday\'s Gimlet (Gin)'),('Friday\'s Gimlet (Vodka)','Friday\'s Gimlet (Vodka)'),('Friday\'s Manhattan (Dry)','Friday\'s Manhattan (Dry)'),('Friday\'s Manhattan (Perfect)','Friday\'s Manhattan (Perfect)'),('Friday\'s Manhattan (Sweet)','Friday\'s Manhattan (Sweet)'),('Friday\'s Martini (Gin) (Dry)','Friday\'s Martini (Gin) (Dry)'),('Friday\'s Martini (Gin) (Extra Dry)','Friday\'s Martini (Gin) (Extra Dry)'),('Friday\'s Martini (Gin) (Wet)','Friday\'s Martini (Gin) (Wet)'),('Friday\'s Martini (Vodka) (Dry)','Friday\'s Martini (Vodka) (Dry)'),('Friday\'s Martini (Vodka) (Extra Dry)','Friday\'s Martini (Vodka) (Extra Dry)'),('Friday\'s Martini (Vodka) (Wet)','Friday\'s Martini (Vodka) (Wet)'),('Friday\'s Old Fashioned','Friday\'s Old Fashioned'),('Friday\'s Pisco Sour','Friday\'s Pisco Sour'),('Friday\'s Rob-Roy (Rocks) (Dry)','Friday\'s Rob-Roy (Rocks) (Dry)'),('Friday\'s Rob-Roy (Rocks) (Perfect)','Friday\'s Rob-Roy (Rocks) (Perfect)'),('Friday\'s Rob-Roy (Rocks) (Sweet)','Friday\'s Rob-Roy (Rocks) (Sweet)'),('Friday\'s Rob-Roy (Up) (Dry)','Friday\'s Rob-Roy (Up) (Dry)'),('Friday\'s Rob-Roy (Up) (Perfect)','Friday\'s Rob-Roy (Up) (Perfect)'),('Friday\'s Rob-Roy (Up) (Sweet)','Friday\'s Rob-Roy (Up) (Sweet)'),('Fridays\' Wings','Fridays\' Wings'),('Fridays\' Wings (to Share)','Fridays\' Wings (to Share)'),('Frozen Black Irish','Frozen Black Irish'),('Frozen Irish Coffee','Frozen Irish Coffee'),('Frozen Irish Mint','Frozen Irish Mint'),('Frozen Key Lime','Frozen Key Lime'),('Frozen Ocean','Frozen Ocean'),('Fuzzy Navel','Fuzzy Navel'),('Gal Friday','Gal Friday'),('Georgia Peach','Georgia Peach'),('Gin Buck','Gin Buck'),('Gin Cucumber Martini','Gin Cucumber Martini'),('Gingle Bells','Gingle Bells'),('Ginless Garden','Ginless Garden'),('Godfather','Godfather'),('Godmother','Godmother'),('Gold Cadillac','Gold Cadillac'),('Gold Medallist','Gold Medallist'),('Golden Dream','Golden Dream'),('Golden Lime','Golden Lime'),('Goldmine','Goldmine'),('Grapefruit Blast','Grapefruit Blast'),('Grapefruit Seltzer','Grapefruit Seltzer'),('Grasshopper (Flying)','Grasshopper (Flying)'),('Grasshopper (Frozen)','Grasshopper (Frozen)'),('Grasshopper (Up)','Grasshopper (Up)'),('Grateful Dead','Grateful Dead'),('Green Eyes','Green Eyes'),('Gremlin','Gremlin'),('Greyhound','Greyhound'),('Hairy Navel','Hairy Navel'),('Half Rack Ultimate Ribs with Legendary Glaze','Half Rack Ultimate Ribs with Legendary Glaze'),('Harlem Mugger','Harlem Mugger'),('Harvey Wallbanger','Harvey Wallbanger'),('Harvey Wallbanger (Legacy)','Harvey Wallbanger (Legacy)'),('Hawaiian Island Surfer','Hawaiian Island Surfer'),('Haymarket','Haymarket'),('Heart Cracker','Heart Cracker'),('Hendrick\'s','Hendrick\'s'),('Hinky Dink','Hinky Dink'),('Holiday Isle','Holiday Isle'),('Honey Kist','Honey Kist'),('Hot Banana Split','Hot Banana Split'),('Hot Chocolate Mint','Hot Chocolate Mint'),('Hot Irish Chocolate','Hot Irish Chocolate'),('Hot Wings','Hot Wings'),('Hot Wings (to Share)','Hot Wings (to Share)'),('Hurricane','Hurricane'),('Ice Cream Sandwich','Ice Cream Sandwich'),('Impeachabull','Impeachabull'),('International White Spider','International White Spider'),('Irish \"49\"','Irish \"49\"'),('Irish Coffee','Irish Coffee'),('Irish Coffee Freeze','Irish Coffee Freeze'),('Irish Monk','Irish Monk'),('Irish Mule','Irish Mule'),('Irish Nut','Irish Nut'),('Italian Stinger 1','Italian Stinger 1'),('Italian Stinger 2','Italian Stinger 2'),('Jack\'s Southern Belle','Jack\'s Southern Belle'),('Jamaican Coffee','Jamaican Coffee'),('Jamaican Mule','Jamaican Mule'),('Jamaican Raspberry Colada','Jamaican Raspberry Colada'),('Jammy Donut','Jammy Donut'),('Japanese Slipper','Japanese Slipper'),('Jelly Bean (Cocktail)','Jelly Bean (Cocktail)'),('Jelly Bean (Shooter)','Jelly Bean (Shooter)'),('Joan Collins','Joan Collins'),('John Collins','John Collins'),('Jonny-Oh','Jonny-Oh'),('June Bug','June Bug'),('June Bug (Legacy)','June Bug (Legacy)'),('Kahlua Banana','Kahlua Banana'),('Kahlua Bulkhead','Kahlua Bulkhead'),('Kahlua Coffee','Kahlua Coffee'),('Kahlua Crunch','Kahlua Crunch'),('Kahlua Hummer','Kahlua Hummer'),('Kamikaze','Kamikaze'),('Katinka','Katinka'),('Keoke Coffee','Keoke Coffee'),('Key West Cooler','Key West Cooler'),('Kids\' Raspberry & Yoghurt Smoothie','Kids\' Raspberry & Yoghurt Smoothie'),('Kids\' Smoothie','Kids\' Smoothie'),('King Alphonse','King Alphonse'),('Kir','Kir'),('Kookie Monster','Kookie Monster'),('Koolaid','Koolaid'),('Lady Godiva','Lady Godiva'),('Laidback Limeade','Laidback Limeade'),('Lemon Chiffon Pie','Lemon Chiffon Pie'),('Lemon Drop','Lemon Drop'),('Lemon Meringue Pie','Lemon Meringue Pie'),('Lemon Mix','Lemon Mix'),('Lemonade','Lemonade'),('Lightly Spiced Shrimp','Lightly Spiced Shrimp'),('Lights of Havana','Lights of Havana'),('Lime Mix 1','Lime Mix 1'),('Lime Mix 2','Lime Mix 2'),('Limeade','Limeade'),('Liquid Bubblegum','Liquid Bubblegum'),('Long Beach Iced Tea','Long Beach Iced Tea'),('Long Berry','Long Berry'),('Long Island Iced Tea','Long Island Iced Tea'),('Long Island Iced Tea (Legacy)','Long Island Iced Tea (Legacy)'),('Long Island Iced Tea (Skinny)','Long Island Iced Tea (Skinny)'),('Los Angeles Banana Berry','Los Angeles Banana Berry'),('Lynchburg Lemonade','Lynchburg Lemonade'),('Madras','Madras'),('Mai Tai','Mai Tai'),('Malfy Gin Rosa Serve','Malfy Gin Rosa Serve'),('Mandarin Chocolate','Mandarin Chocolate'),('Manhattan','Manhattan'),('Maple Leaf','Maple Leaf'),('Mardi Gras','Mardi Gras'),('Margarita - Banana','Margarita - Banana'),('Margarita - Blackberry (Skinny)','Margarita - Blackberry (Skinny)'),('Margarita - Cranberry','Margarita - Cranberry'),('Margarita - Melon','Margarita - Melon'),('Margarita - Peach','Margarita - Peach'),('Margarita - Popping Candy','Margarita - Popping Candy'),('Margarita - Raspberry','Margarita - Raspberry'),('Margarita - Strawberry','Margarita - Strawberry'),('Margarita (Frozen)','Margarita (Frozen)'),('Margarita (Golden, Frozen)','Margarita (Golden, Frozen)'),('Margarita (Golden, Rocks)','Margarita (Golden, Rocks)'),('Margarita (Golden, Up)','Margarita (Golden, Up)'),('Margarita (Rocks)','Margarita (Rocks)'),('Margarita (Rocks) (Legacy)','Margarita (Rocks) (Legacy)'),('Margarita (Skinny)','Margarita (Skinny)'),('Margarita (Up)','Margarita (Up)'),('Margarita Cooler','Margarita Cooler'),('Martini','Martini'),('Martini - Cranberry (Gin)','Martini - Cranberry (Gin)'),('Martini - Cranberry (Vodka)','Martini - Cranberry (Vodka)'),('Martini - Melon (Gin)','Martini - Melon (Gin)'),('Martini - Melon (Vodka)','Martini - Melon (Vodka)'),('Martini - Raspberry (Gin)','Martini - Raspberry (Gin)'),('Martini - Raspberry (Vodka)','Martini - Raspberry (Vodka)'),('Martini - Strawberry (Gin)','Martini - Strawberry (Gin)'),('Martini - Strawberry (Vodka)','Martini - Strawberry (Vodka)'),('Matt the Rat','Matt the Rat'),('Maverick Aviator','Maverick Aviator'),('Melon Ball','Melon Ball'),('Ménage à Trois','Ménage à Trois'),('Merry Martini','Merry Martini'),('Mexican Coffee','Mexican Coffee'),('Mexican Flag','Mexican Flag'),('Mexican Runner','Mexican Runner'),('Mimosa','Mimosa'),('Mimosa - Grand','Mimosa - Grand'),('Mimosa - Lemon','Mimosa - Lemon'),('Mimosa - Lime','Mimosa - Lime'),('Mimosa (Frozen) (Ultimate)','Mimosa (Frozen) (Ultimate)'),('Mint Julep','Mint Julep'),('Minty Apple Soda','Minty Apple Soda'),('Mocha Martini','Mocha Martini'),('Mojito','Mojito'),('Mojito - Cranberry','Mojito - Cranberry'),('Mojito - Melon','Mojito - Melon'),('Mojito - Raspberry','Mojito - Raspberry'),('Mojito - Strawberry','Mojito - Strawberry'),('Mojito (Legacy)','Mojito (Legacy)'),('Monkey Sour','Monkey Sour'),('Mont Blanc','Mont Blanc'),('Moscow Mule','Moscow Mule'),('Moscow Mule (Legacy)','Moscow Mule (Legacy)'),('Mozzarella Dippers','Mozzarella Dippers'),('Muddy Water','Muddy Water'),('Mudslide','Mudslide'),('Nashville Shooter','Nashville Shooter'),('Negroni','Negroni'),('Negroni (Legacy)','Negroni (Legacy)'),('New Orleans','New Orleans'),('November Seabreeze','November Seabreeze'),('Nureyev','Nureyev'),('Old Fashioned','Old Fashioned'),('Ophir','Ophir'),('Orange & Pineapple Fizz','Orange & Pineapple Fizz'),('Orange Blossom','Orange Blossom'),('Orange Bon Bon','Orange Bon Bon'),('Orange Buck','Orange Buck'),('Orange Creamsickle','Orange Creamsickle'),('Orange Lollipop','Orange Lollipop'),('Orange Slush','Orange Slush'),('Orangeade','Orangeade'),('Oranjihna','Oranjihna'),('Oreo Malt','Oreo Malt'),('Oreo Malt (Small)','Oreo Malt (Small)'),('Oreo Milkshake','Oreo Milkshake'),('Oreo Milkshake (Small)','Oreo Milkshake (Small)'),('Oreo Speedwagon','Oreo Speedwagon'),('Orgasm','Orgasm'),('Orlando Quencher','Orlando Quencher'),('P.S. I Love You','P.S. I Love You'),('P.S. I Love You (Ultimate)','P.S. I Love You (Ultimate)'),('Paloma','Paloma'),('Paradise Punch','Paradise Punch'),('Paradise Punch (Legacy)','Paradise Punch (Legacy)'),('Passion Fruit Pureé 1','Passion Fruit Pureé 1'),('Passion Fruit Pureé 2','Passion Fruit Pureé 2'),('Passion Superstar Martini','Passion Superstar Martini'),('Passionate Rose','Passionate Rose'),('Passionate Sunrise','Passionate Sunrise'),('Pavlova','Pavlova'),('Peach À La Mode','Peach À La Mode'),('Peach Almond Shake','Peach Almond Shake'),('Peach Crush','Peach Crush'),('Peach Fuzzy (Cocktail)','Peach Fuzzy (Cocktail)'),('Peach Fuzzy (Shooter)','Peach Fuzzy (Shooter)'),('Peach Malt','Peach Malt'),('Peach Milkshake','Peach Milkshake'),('Peach Pureé','Peach Pureé'),('Peaches & Cream','Peaches & Cream'),('Peachy Keen','Peachy Keen'),('Pentathlon Pace','Pentathlon Pace'),('Pepper Eater','Pepper Eater'),('Peppered Mary','Peppered Mary'),('Perfect Cocktail','Perfect Cocktail'),('Perfect John','Perfect John'),('Pimm\'s Cup','Pimm\'s Cup'),('Piña Colada - Banana','Piña Colada - Banana'),('Piña Colada - Strawberry','Piña Colada - Strawberry'),('Piña Colada – Peach','Piña Colada – Peach'),('Piña Colada (Frozen)','Piña Colada (Frozen)'),('Piña Colada (Frozen) (Legacy)','Piña Colada (Frozen) (Legacy)'),('Piña Colada (Rocks)','Piña Colada (Rocks)'),('Piña Colada Mix','Piña Colada Mix'),('Pineapple Champ','Pineapple Champ'),('Pineapple Halo','Pineapple Halo'),('Pineapple Plantation','Pineapple Plantation'),('Pineapple Slush','Pineapple Slush'),('Pineapple Sunshine','Pineapple Sunshine'),('Pingu','Pingu'),('Pink Lemonade (Cocktail)','Pink Lemonade (Cocktail)'),('Pink Lemonade (Shooter)','Pink Lemonade (Shooter)'),('Pisco Passion','Pisco Passion'),('Planter\'s Punch','Planter\'s Punch'),('Poinsettia','Poinsettia'),('Pornstar Martini','Pornstar Martini'),('Pornstar Martini (Legacy)','Pornstar Martini (Legacy)'),('Premium Iced Tea','Premium Iced Tea'),('Pretty \'n\' Pink','Pretty \'n\' Pink'),('Pumpkin Colada','Pumpkin Colada'),('Pumpkin Spiced Milkshake','Pumpkin Spiced Milkshake'),('Pumpkin Spiced Milkshake (Small)','Pumpkin Spiced Milkshake (Small)'),('Pumpkin Spiced Zombie','Pumpkin Spiced Zombie'),('Purple Hooter','Purple Hooter'),('Purple Rain','Purple Rain'),('Purple Rain (Legacy)','Purple Rain (Legacy)'),('Pushkin','Pushkin'),('Pussy Cat','Pussy Cat'),('Rainbow Sherbet','Rainbow Sherbet'),('Ramos Gin Fizz','Ramos Gin Fizz'),('Raspberry Crush','Raspberry Crush'),('Raspberry Fizz','Raspberry Fizz'),('Raspberry Flower','Raspberry Flower'),('Raspberry Pureé','Raspberry Pureé'),('Raspberry Sublime','Raspberry Sublime'),('Raspberry Tart','Raspberry Tart'),('Raspberry Watkins','Raspberry Watkins'),('Razzbaretto','Razzbaretto'),('Red Army','Red Army'),('Red Lion Cocktail','Red Lion Cocktail'),('Red Velvet','Red Velvet'),('Root Beer Float','Root Beer Float'),('Root Beer Shooter','Root Beer Shooter'),('Royal Kir','Royal Kir'),('Royaltini','Royaltini'),('Rum Might Say','Rum Might Say'),('Rum Runner','Rum Runner'),('Rumcooler','Rumcooler'),('Russian Quaalude','Russian Quaalude'),('Russian Spring Punch','Russian Spring Punch'),('Rusty Nail','Rusty Nail'),('Saint Clements','Saint Clements'),('Salty Dog (Gin)','Salty Dog (Gin)'),('Salty Dog (Vodka)','Salty Dog (Vodka)'),('San Francisco','San Francisco'),('Sandy Moat','Sandy Moat'),('Sangria - Red','Sangria - Red'),('Sangria - White','Sangria - White'),('Sante Fe Sunset','Sante Fe Sunset'),('Sazerac','Sazerac'),('Scarlett O\'Hara','Scarlett O\'Hara'),('Schanpple Shooter','Schanpple Shooter'),('Scorpion','Scorpion'),('Screaming Orgasm (Cocktail)','Screaming Orgasm (Cocktail)'),('Screaming Orgasm (Shooter)','Screaming Orgasm (Shooter)'),('Screwdriver','Screwdriver'),('Seabreeze','Seabreeze'),('Sensibull','Sensibull'),('Sesame Chicken Strips (Starter)','Sesame Chicken Strips (Starter)'),('Sex on the Beach','Sex on the Beach'),('Shambulls','Shambulls'),('Shell-On Garlic & Chilli King Prawns','Shell-On Garlic & Chilli King Prawns'),('Shirley Temple','Shirley Temple'),('Sicilian Kiss','Sicilian Kiss'),('Side Car','Side Car'),('Silver Bullet','Silver Bullet'),('Silver Mercedes','Silver Mercedes'),('Silver Mercedes (Legacy)','Silver Mercedes (Legacy)'),('Simple Syrup','Simple Syrup'),('Simply Cheese Potato Skins','Simply Cheese Potato Skins'),('Singapore Sling','Singapore Sling'),('Sinner Clements','Sinner Clements'),('Skyy High Elderberry','Skyy High Elderberry'),('Slippery Nipple','Slippery Nipple'),('Smith & Kearns','Smith & Kearns'),('Snow Bear','Snow Bear'),('Sober Loader','Sober Loader'),('Sombrero','Sombrero'),('Sours','Sours'),('Sours - Apple','Sours - Apple'),('Sours - Butterscotch','Sours - Butterscotch'),('Sours - Peach','Sours - Peach'),('Southern Berry','Southern Berry'),('Southern Peach','Southern Peach'),('Spanish Coffee','Spanish Coffee'),('Springbok','Springbok'),('Spritzer','Spritzer'),('St. Moritz','St. Moritz'),('Stinger','Stinger'),('Strawberry Cooler','Strawberry Cooler'),('Strawberry Decathlon','Strawberry Decathlon'),('Strawberry Fields','Strawberry Fields'),('Strawberry Malt','Strawberry Malt'),('Strawberry Malt (Small)','Strawberry Malt (Small)'),('Strawberry Milk','Strawberry Milk'),('Strawberry Milk (Small)','Strawberry Milk (Small)'),('Strawberry Milkshake','Strawberry Milkshake'),('Strawberry Milkshake (Small)','Strawberry Milkshake (Small)'),('Strawberry Mint','Strawberry Mint'),('Strawberry Pureé','Strawberry Pureé'),('Strawberry Shortcake','Strawberry Shortcake'),('Strawberry Slush','Strawberry Slush'),('Strawberry Surprise','Strawberry Surprise'),('Summer Cyclist','Summer Cyclist'),('Summer Peach','Summer Peach'),('Sunblock','Sunblock'),('Sunburn','Sunburn'),('Sunset Boulevard','Sunset Boulevard'),('Sunstroke','Sunstroke'),('Sweet & Sour Mix (Skinny)','Sweet & Sour Mix (Skinny)'),('Sweet & Sour Mix 1','Sweet & Sour Mix 1'),('Sweet & Sour Mix 2','Sweet & Sour Mix 2'),('Sweet By Choice','Sweet By Choice'),('Sweet Tart','Sweet Tart'),('Sweetheart','Sweetheart'),('Tennessee Berry Mule','Tennessee Berry Mule'),('Tennessee Runway','Tennessee Runway'),('Tennessee Rush','Tennessee Rush'),('Tennessee Tea','Tennessee Tea'),('Tequila Maria','Tequila Maria'),('Tequila Sunrise','Tequila Sunrise'),('Tequila Sunrise (Legacy)','Tequila Sunrise (Legacy)'),('Texas Iced Tea','Texas Iced Tea'),('The Botanist Serve','The Botanist Serve'),('Times Square Big Share','Times Square Big Share'),('Toasted Almond','Toasted Almond'),('Tokyo Iced Tea','Tokyo Iced Tea'),('Tom Collins','Tom Collins'),('Torrance Coffee','Torrance Coffee'),('Total Eclipse','Total Eclipse'),('Tribbble','Tribbble'),('Tropical Blend','Tropical Blend'),('Tropical Delight','Tropical Delight'),('Tropical Rumbull','Tropical Rumbull'),('Tropical Runner','Tropical Runner'),('Tropical Sunshine','Tropical Sunshine'),('Turkish Delight','Turkish Delight'),('Turquoise Blue','Turquoise Blue'),('TVR','TVR'),('Umpa Lumpa','Umpa Lumpa'),('Uncle Bulgaria','Uncle Bulgaria'),('Uncle Vanya','Uncle Vanya'),('Uptown Manhattan','Uptown Manhattan'),('Vanilla Cola','Vanilla Cola'),('Vanilla Malt','Vanilla Malt'),('Vanilla Milkshake','Vanilla Milkshake'),('Vanilla Milkshake (Small)','Vanilla Milkshake (Small)'),('Velvet Hammer (Frozen)','Velvet Hammer (Frozen)'),('Velvet Hammer (Up)','Velvet Hammer (Up)'),('Vermouth Cassis','Vermouth Cassis'),('Very Merry Berry','Very Merry Berry'),('Virgin Mary','Virgin Mary'),('Vodka Punch','Vodka Punch'),('Voodoo','Voodoo'),('Walk in the Tropics','Walk in the Tropics'),('Ward Eight','Ward Eight'),('Watermelon','Watermelon'),('Watermelon Cooler','Watermelon Cooler'),('West Indies Yellowbird','West Indies Yellowbird'),('Whiskey Sour','Whiskey Sour'),('Whiskey Sour (Legacy)','Whiskey Sour (Legacy)'),('White Chocolate Martini','White Chocolate Martini'),('White Russian','White Russian'),('White Spider','White Spider'),('Wine Cooler - Cranapple','Wine Cooler - Cranapple'),('Wine Cooler - Grapefruit','Wine Cooler - Grapefruit'),('Wine Cooler - Orange','Wine Cooler - Orange'),('Wine Cooler - Orange-Grapefruit','Wine Cooler - Orange-Grapefruit'),('Wine Cooler (Red)','Wine Cooler (Red)'),('Wine Cooler (Rosé)','Wine Cooler (Rosé)'),('Wine Cooler (White)','Wine Cooler (White)'),('Winter in Lynchburg','Winter in Lynchburg'),('Wonderland Comfort','Wonderland Comfort'),('Woo Woo','Woo Woo'),('Woo Woo (Skinny)','Woo Woo (Skinny)'),('Zombie','Zombie'),('Zombie (Legacy)','Zombie (Legacy)');
/*!40000 ALTER TABLE `recipes` ENABLE KEYS */;
UNLOCK TABLES;

--
-- Table structure for table `sections`
--

DROP TABLE IF EXISTS `sections`;
/*!40101 SET @saved_cs_client     = @@character_set_client */;
/*!50503 SET character_set_client = utf8mb4 */;
CREATE TABLE `sections` (
  `section` varchar(32) NOT NULL,
  `category` varchar(32) DEFAULT NULL,
  `sort_order` int NOT NULL DEFAULT '1',
  PRIMARY KEY (`section`),
  KEY `sections_categories_category_fk` (`category`),
  CONSTRAINT `sections_categories_category_fk` FOREIGN KEY (`category`) REFERENCES `categories` (`category`) ON DELETE CASCADE ON UPDATE CASCADE
) ENGINE=InnoDB DEFAULT CHARSET=utf8mb4 COLLATE=utf8mb4_unicode_520_ci;
/*!40101 SET character_set_client = @saved_cs_client */;

--
-- Dumping data for table `sections`
--

LOCK TABLES `sections` WRITE;
/*!40000 ALTER TABLE `sections` DISABLE KEYS */;
INSERT INTO `sections` (`section`, `category`, `sort_order`) VALUES ('Burgers','Mains',18),('Chicken','Mains',19),('Cocktails','Drinks',1),('Flavoured Sodas','Drinks',14),('Gin Serves','Drinks',12),('Gin Signature Serves','Drinks',13),('Grills','Mains',20),('Kids\' Desserts','Desserts',30),('Kids\' Flavoured Milks','Drinks',8),('Kids\' Little League','Mains',24),('Kids\' Major League','Mains',25),('Kids\' Mocktails','Drinks',4),('Kids\' Slushes','Drinks',5),('Large Desserts','Desserts',29),('Mixes','Prep',15),('Mocktails','Drinks',6),('Ribs','Mains',21),('Sauces and Dressings','Sides',26),('Shakes and Malts','Drinks',10),('Sharing Apps','Apps',17),('Sharing Cocktails','Drinks',2),('Shooters','Drinks',3),('Side Plates','Sides',27),('Small Desserts','Desserts',28),('Small Shakes and Malts','Drinks',9),('Smoothies','Drinks',7),('Solo Apps','Apps',16),('Tex-Mex','Mains',22),('Ultimate Shakes','Drinks',11),('United Plates','Mains',23);
/*!40000 ALTER TABLE `sections` ENABLE KEYS */;
UNLOCK TABLES;

--
-- Table structure for table `table_recipe_choices`
--

DROP TABLE IF EXISTS `table_recipe_choices`;
/*!40101 SET @saved_cs_client     = @@character_set_client */;
/*!50503 SET character_set_client = utf8mb4 */;
CREATE TABLE `table_recipe_choices` (
  `table_recipe_choice_id` int NOT NULL AUTO_INCREMENT,
  `table_recipe_id` int NOT NULL,
  `choice` varchar(96) NOT NULL,
  `time_added` timestamp NOT NULL DEFAULT CURRENT_TIMESTAMP,
  PRIMARY KEY (`table_recipe_choice_id`),
  KEY `table_recipe_choices_table_recipes_table_recipe_id_fk` (`table_recipe_id`),
  CONSTRAINT `table_recipe_choices_table_recipes_table_recipe_id_fk` FOREIGN KEY (`table_recipe_id`) REFERENCES `table_recipes` (`table_recipe_id`) ON DELETE CASCADE ON UPDATE CASCADE
) ENGINE=InnoDB AUTO_INCREMENT=42 DEFAULT CHARSET=utf8mb4 COLLATE=utf8mb4_unicode_520_ci;
/*!40101 SET character_set_client = @saved_cs_client */;

--
-- Dumping data for table `table_recipe_choices`
--

LOCK TABLES `table_recipe_choices` WRITE;
/*!40000 ALTER TABLE `table_recipe_choices` DISABLE KEYS */;
/*!40000 ALTER TABLE `table_recipe_choices` ENABLE KEYS */;
UNLOCK TABLES;

--
-- Table structure for table `table_recipes`
--

DROP TABLE IF EXISTS `table_recipes`;
/*!40101 SET @saved_cs_client     = @@character_set_client */;
/*!50503 SET character_set_client = utf8mb4 */;
CREATE TABLE `table_recipes` (
  `table_recipe_id` int NOT NULL AUTO_INCREMENT,
  `table_number` int NOT NULL,
  `recipe` varchar(64) NOT NULL,
  `ordered_by` varchar(32) DEFAULT NULL,
  `submitted` tinyint(1) NOT NULL DEFAULT '0',
  `submitted_by` varchar(32) DEFAULT NULL,
  `time_added` timestamp NOT NULL DEFAULT CURRENT_TIMESTAMP,
  `time_submitted` timestamp NULL DEFAULT NULL,
  PRIMARY KEY (`table_recipe_id`),
  KEY `table_recipes_recipes_recipe_fk` (`recipe`),
  KEY `table_recipes_tables_table_number_fk` (`table_number`),
  KEY `table_recipes_users_username_fk` (`ordered_by`),
  KEY `table_recipes_users_username_fk_2` (`submitted_by`),
  CONSTRAINT `table_recipes_recipes_recipe_fk` FOREIGN KEY (`recipe`) REFERENCES `recipes` (`recipe`) ON DELETE CASCADE ON UPDATE CASCADE,
  CONSTRAINT `table_recipes_tables_table_number_fk` FOREIGN KEY (`table_number`) REFERENCES `tables` (`table_number`) ON DELETE CASCADE ON UPDATE CASCADE,
  CONSTRAINT `table_recipes_users_username_fk` FOREIGN KEY (`ordered_by`) REFERENCES `users` (`username`) ON DELETE SET NULL ON UPDATE CASCADE,
  CONSTRAINT `table_recipes_users_username_fk_2` FOREIGN KEY (`submitted_by`) REFERENCES `users` (`username`) ON DELETE SET NULL ON UPDATE CASCADE
) ENGINE=InnoDB AUTO_INCREMENT=257 DEFAULT CHARSET=utf8mb4 COLLATE=utf8mb4_unicode_520_ci;
/*!40101 SET character_set_client = @saved_cs_client */;

--
-- Dumping data for table `table_recipes`
--

LOCK TABLES `table_recipes` WRITE;
/*!40000 ALTER TABLE `table_recipes` DISABLE KEYS */;
/*!40000 ALTER TABLE `table_recipes` ENABLE KEYS */;
UNLOCK TABLES;

--
-- Table structure for table `tables`
--

DROP TABLE IF EXISTS `tables`;
/*!40101 SET @saved_cs_client     = @@character_set_client */;
/*!50503 SET character_set_client = utf8mb4 */;
CREATE TABLE `tables` (
  `table_number` int NOT NULL,
  PRIMARY KEY (`table_number`)
) ENGINE=InnoDB DEFAULT CHARSET=utf8mb4 COLLATE=utf8mb4_unicode_520_ci;
/*!40101 SET character_set_client = @saved_cs_client */;

--
-- Dumping data for table `tables`
--

LOCK TABLES `tables` WRITE;
/*!40000 ALTER TABLE `tables` DISABLE KEYS */;
INSERT INTO `tables` (`table_number`) VALUES (30),(31),(32),(40),(41),(42),(50),(51),(52),(53),(54),(55),(60),(61),(62),(64),(65),(66),(67),(68),(69),(70),(71),(72),(73),(74),(80),(81),(90),(91),(92),(100),(101),(102),(103),(110),(111),(120),(121),(122),(123),(124),(125),(126),(130),(131),(132),(133),(134),(135),(136);
/*!40000 ALTER TABLE `tables` ENABLE KEYS */;
UNLOCK TABLES;

--
-- Table structure for table `units`
--

DROP TABLE IF EXISTS `units`;
/*!40101 SET @saved_cs_client     = @@character_set_client */;
/*!50503 SET character_set_client = utf8mb4 */;
CREATE TABLE `units` (
  `unit` varchar(16) NOT NULL,
  `conversion_to_grams` decimal(10,5) DEFAULT NULL,
  PRIMARY KEY (`unit`)
) ENGINE=InnoDB DEFAULT CHARSET=utf8mb4 COLLATE=utf8mb4_unicode_520_ci;
/*!40101 SET character_set_client = @saved_cs_client */;

--
-- Dumping data for table `units`
--

LOCK TABLES `units` WRITE;
/*!40000 ALTER TABLE `units` DISABLE KEYS */;
INSERT INTO `units` (`unit`, `conversion_to_grams`) VALUES (' ',NULL),('Bar Spoon',2.50000),('Bar Spoons',2.50000),('Bottle of',NULL),('Dash',0.92000),('Dashes',0.92000),('g',1.00000),('kg',1000.00000),('L',1000.00000),('Lemon of',NULL),('Lime of',NULL),('ml',1.00000),('Orange of',NULL),('Orange Slice of',NULL),('Oz',28.41310),('Passion Fruit of',NULL),('Sachets',15.00000),('Scoop',300.00000),('Scoops',300.00000),('TestUNit',NULL);
/*!40000 ALTER TABLE `units` ENABLE KEYS */;
UNLOCK TABLES;

--
-- Table structure for table `users`
--

DROP TABLE IF EXISTS `users`;
/*!40101 SET @saved_cs_client     = @@character_set_client */;
/*!50503 SET character_set_client = utf8mb4 */;
CREATE TABLE `users` (
  `user_id` int NOT NULL AUTO_INCREMENT,
  `username` varchar(32) NOT NULL,
  `password` char(192) DEFAULT NULL,
  `first_name` varchar(64) NOT NULL,
  `last_name` varchar(64) NOT NULL,
  `private_auth_code` varchar(43) DEFAULT NULL,
  `public_auth_code` varchar(43) NOT NULL,
  `profile_image_file_name` varchar(32) DEFAULT NULL,
  `is_admin` tinyint(1) NOT NULL DEFAULT '0',
  `public_auth_last_used` timestamp NULL DEFAULT NULL,
  `allow_quick_sign_in` tinyint(1) DEFAULT '1',
  `time_added` timestamp NOT NULL DEFAULT CURRENT_TIMESTAMP,
  PRIMARY KEY (`user_id`),
  UNIQUE KEY `users_auth_code_uindex` (`public_auth_code`),
  UNIQUE KEY `users_username_uindex` (`username`),
  UNIQUE KEY `users_private_auth_code_uindex` (`private_auth_code`),
  UNIQUE KEY `users_profile_image_file_name_uindex` (`profile_image_file_name`)
) ENGINE=InnoDB AUTO_INCREMENT=5 DEFAULT CHARSET=utf8mb4 COLLATE=utf8mb4_unicode_520_ci;
/*!40101 SET character_set_client = @saved_cs_client */;

--
-- Dumping data for table `users`
--

LOCK TABLES `users` WRITE;
/*!40000 ALTER TABLE `users` DISABLE KEYS */;
INSERT INTO `users` (`user_id`, `username`, `password`, `first_name`, `last_name`, `private_auth_code`, `public_auth_code`, `profile_image_file_name`, `is_admin`, `public_auth_last_used`, `allow_quick_sign_in`, `time_added`) VALUES (1,'matt','9685b68b800f97dbdb9f3f82b02f89bd332147752ae5f70f74fbbe57f8cf0fa6832fe09ce07b26ab2c5c4bcb13bb73f8be068add2568d9961596681f421821f0cf3a9a57465e9026913b54a4619ba0d5fdd349e3e071ba050aa7f9ace718a76a','Matt','Woolford',NULL,'mAbzBwfJ1paAflYCtkupQm-AgbtTrca2pwYshGUUzzc','FcBeGA7TIRJpXyyqRUvjyyIUmDQ=.jpg',1,NULL,1,'2022-01-09 02:42:04'),(2,'jake','d1cd295cd78ff503db5b6e5ccd240d4d09aa58d73d4fb35ed4086bea1a329e61464f67be5588e398fbb9f99d3c44e4b084bfebc2ad741de6fedd602295c31a76e9583ecc860768893930d2410c45ce36857708bff819b2281f84448b85b12e30','Jake','Watkins','oVJxeZhH5jUnbhr9Lw_cca8fyVp5xtshlnSXIzv58V0','TqDB0T3utYCzd7akll5_cSlZOinvbY_GTudwNlaOt-c',NULL,1,NULL,1,'2022-01-29 01:03:13');
/*!40000 ALTER TABLE `users` ENABLE KEYS */;
UNLOCK TABLES;
/*!40103 SET TIME_ZONE=@OLD_TIME_ZONE */;

/*!40101 SET SQL_MODE=@OLD_SQL_MODE */;
/*!40014 SET FOREIGN_KEY_CHECKS=@OLD_FOREIGN_KEY_CHECKS */;
/*!40014 SET UNIQUE_CHECKS=@OLD_UNIQUE_CHECKS */;
/*!40101 SET CHARACTER_SET_CLIENT=@OLD_CHARACTER_SET_CLIENT */;
/*!40101 SET CHARACTER_SET_RESULTS=@OLD_CHARACTER_SET_RESULTS */;
/*!40101 SET COLLATION_CONNECTION=@OLD_COLLATION_CONNECTION */;
/*!40111 SET SQL_NOTES=@OLD_SQL_NOTES */;

-- Dump completed on 2022-03-27 18:02:24
